<!--
RSS generated by JIRA (8.3.4#803005-sha1:1f96e09b3c60279a408a2ae47be3c745f571388b) at Mon Feb 17 08:24:37 UTC 2020

It is possible to restrict the fields that are returned in this document by specifying the 'field' parameter in your request.
For example, to request only the issue key and summary append 'field=key&field=summary' to the URL of your request.
-->
<!-- If you wish to do custom client-side styling of RSS, uncomment this:
<?xml-stylesheet href="https://issues.apache.org/jira/styles/jiraxml2html.xsl" type="text/xsl"?>
-->
<rss version="0.92">
    <channel>
        <title>ASF JIRA</title>
        <link>https://issues.apache.org/jira/issues/?jql=project+%3D+ACCUMULO+AND+issuetype+%3D+Bug+AND+created+%3E%3D+2017-10-01+AND+created+%3C%3D+2017-11-01</link>
        <description>An XML representation of a search request</description>
                <language>en-uk</language>
                        <issue start="0" end="8" total="8"/>
                <build-info>
            <version>8.3.4</version>
            <build-number>803005</build-number>
            <build-date>13-09-2019</build-date>
        </build-info>

<item>
            <title>[ACCUMULO-4724] MiniAccumuloCluster does not start</title>
                <link>https://issues.apache.org/jira/browse/ACCUMULO-4724</link>
                <project id="12312121" key="ACCUMULO">Accumulo</project>
                    <description>&lt;p&gt;Hi Guys, &lt;/p&gt;

&lt;p&gt;I was trying the MiniAccumuloCluster but it seems not to work. It Hangs on the .start()&lt;br/&gt;
On the master log from mini accumulo I see : &lt;/p&gt;

&lt;div class=&quot;code panel&quot; style=&quot;border-width: 1px;&quot;&gt;&lt;div class=&quot;codeContent panelContent&quot;&gt;
&lt;pre class=&quot;code-java&quot;&gt;
2017-10-19 15:38:22 INFO  TableLoadBalancer:98 - Loaded &lt;span class=&quot;code-keyword&quot;&gt;class &lt;/span&gt;org.apache.accumulo.server.master.balancer.DefaultLoadBalancer &lt;span class=&quot;code-keyword&quot;&gt;for&lt;/span&gt; table +r
2017-10-19 15:38:22 INFO  MetricsSystemImpl:375 - Scheduled snapshot period at 10 second(s).
2017-10-19 15:38:22 INFO  MetricsSystemImpl:192 - Accumulo metrics system started
2017-10-19 15:38:22 ERROR Main:193 - &lt;span class=&quot;code-object&quot;&gt;Thread&lt;/span&gt; &lt;span class=&quot;code-quote&quot;&gt;&apos;org.apache.accumulo.master.Master&apos;&lt;/span&gt; died.
java.lang.NoSuchMethodError: org.apache.thrift.transport.TNonblockingServerSocket.getPort()I
	at org.apache.accumulo.server.rpc.TServerUtils.createNonBlockingServer(TServerUtils.java:202)
	at org.apache.accumulo.server.rpc.TServerUtils.startTServer(TServerUtils.java:524)
	at org.apache.accumulo.server.rpc.TServerUtils.startTServer(TServerUtils.java:485)
	at org.apache.accumulo.server.rpc.TServerUtils.startServer(TServerUtils.java:152)
	at org.apache.accumulo.master.Master.run(Master.java:1247)
	at org.apache.accumulo.master.Master.main(Master.java:1434)
	at sun.reflect.NativeMethodAccessorImpl.invoke0(Native Method)
	at sun.reflect.NativeMethodAccessorImpl.invoke(NativeMethodAccessorImpl.java:62)
	at sun.reflect.DelegatingMethodAccessorImpl.invoke(DelegatingMethodAccessorImpl.java:43)
	at java.lang.reflect.Method.invoke(Method.java:498)
	at org.apache.accumulo.start.Main$2.run(Main.java:157)
	at java.lang.&lt;span class=&quot;code-object&quot;&gt;Thread&lt;/span&gt;.run(&lt;span class=&quot;code-object&quot;&gt;Thread&lt;/span&gt;.java:745)
&lt;/pre&gt;
&lt;/div&gt;&lt;/div&gt;

&lt;div class=&quot;code panel&quot; style=&quot;border-width: 1px;&quot;&gt;&lt;div class=&quot;codeContent panelContent&quot;&gt;
&lt;pre class=&quot;code-java&quot;&gt;
        File loc = &lt;span class=&quot;code-keyword&quot;&gt;new&lt;/span&gt; File(&lt;span class=&quot;code-quote&quot;&gt;&quot;./target/minicluster&quot;&lt;/span&gt;);
        FileUtils.deleteDirectory(loc);
        loc.mkdir();
        loc.deleteOnExit();

        accMiniCluster = &lt;span class=&quot;code-keyword&quot;&gt;new&lt;/span&gt; MiniAccumuloCluster(&lt;span class=&quot;code-keyword&quot;&gt;new&lt;/span&gt; MiniAccumuloConfig(loc,&lt;span class=&quot;code-quote&quot;&gt;&quot;root&quot;&lt;/span&gt;));

        accMiniCluster.start();
        accCon = accMiniCluster.getConnector(&lt;span class=&quot;code-quote&quot;&gt;&quot;root&quot;&lt;/span&gt;,&lt;span class=&quot;code-quote&quot;&gt;&quot;root&quot;&lt;/span&gt;);
        accCon.tableOperations().create(tablename);

&lt;/pre&gt;
&lt;/div&gt;&lt;/div&gt;

&lt;p&gt;Ideas ?! &lt;/p&gt;</description>
                <environment>&lt;p&gt;Local Mac&lt;/p&gt;</environment>
        <key id="13110674">ACCUMULO-4724</key>
            <summary>MiniAccumuloCluster does not start</summary>
                <type id="1" iconUrl="https://issues.apache.org/jira/secure/viewavatar?size=xsmall&amp;avatarId=21133&amp;avatarType=issuetype">Bug</type>
                                            <priority id="3" iconUrl="https://issues.apache.org/jira/images/icons/priorities/major.svg">Major</priority>
                        <status id="5" iconUrl="https://issues.apache.org/jira/images/icons/statuses/resolved.png" description="A resolution has been taken, and it is awaiting verification by reporter. From here issues are either reopened, or are closed.">Resolved</status>
                    <statusCategory id="3" key="done" colorName="green"/>
                                    <resolution id="6">Invalid</resolution>
                                        <assignee username="-1">Unassigned</assignee>
                                    <reporter username="jomach">Jorge Machado</reporter>
                        <labels>
                    </labels>
                <created>Thu, 19 Oct 2017 13:44:45 +0000</created>
                <updated>Sat, 21 Oct 2017 06:47:34 +0000</updated>
                            <resolved>Sat, 21 Oct 2017 06:47:34 +0000</resolved>
                                    <version>1.8.1</version>
                                                        <due></due>
                            <votes>0</votes>
                                    <watches>2</watches>
                                                                <comments>
                            <comment id="16213303" author="ctubbsii" created="Fri, 20 Oct 2017 21:52:55 +0000"  >&lt;p&gt;It is possible that you have the wrong version of Thrift on your class path. For 1.8.1, you should have libthrift version 0.9.3&lt;/p&gt;</comment>
                            <comment id="16213768" author="jomach" created="Sat, 21 Oct 2017 06:47:34 +0000"  >&lt;p&gt;I was having problems with the pom.xml file that was excluding stuff&lt;/p&gt;</comment>
                    </comments>
                    <attachments>
                    </attachments>
                <subtasks>
                    </subtasks>
                <customfields>
                                                                            <customfield id="customfield_12310310" key="com.atlassian.jira.toolkit:attachments">
                        <customfieldname>Attachment count</customfieldname>
                        <customfieldvalues>
                            <customfieldvalue>0.0</customfieldvalue>
                        </customfieldvalues>
                    </customfield>
                                                                                                                                                                                                                                                                                                                                                                                                                                                                                                                                                                                                                                                                                                        <customfield id="customfield_12310220" key="com.atlassian.jira.ext.charting:firstresponsedate">
                        <customfieldname>Date of First Response</customfieldname>
                        <customfieldvalues>
                            <customfieldvalue>Fri, 20 Oct 2017 21:52:55 +0000</customfieldvalue>

                        </customfieldvalues>
                    </customfield>
                                                                <customfield id="customfield_12314020" key="com.atlassian.jira.plugins.jira-development-integration-plugin:devsummary">
                        <customfieldname>Development</customfieldname>
                        <customfieldvalues>
                            
                        </customfieldvalues>
                    </customfield>
                                                                                                                        <customfield id="customfield_12313422" key="com.atlassian.jirafisheyeplugin:jobcheckbox">
                        <customfieldname>Enable Automatic Patch Review</customfieldname>
                        <customfieldvalues>
                            <customfieldvalue><![CDATA[false]]></customfieldvalue>

                        </customfieldvalues>
                    </customfield>
                                                                                                                                                                                                                                                                                                                                                                                                                                                                                                                                                                                                                                                <customfield id="customfield_12310420" key="com.pyxis.greenhopper.jira:gh-global-rank">
                        <customfieldname>Global Rank</customfieldname>
                        <customfieldvalues>
                            <customfieldvalue>9223372036854775807</customfieldvalue>
                        </customfieldvalues>
                    </customfield>
                                                                                                                                                                                                            <customfield id="customfield_12312521" key="com.atlassian.jira.toolkit:LastCommentDate">
                        <customfieldname>Last public comment date</customfieldname>
                        <customfieldvalues>
                            2 years, 17 weeks, 2 days ago
                        </customfieldvalues>
                    </customfield>
                                                                                                                                                                                                            <customfield id="customfield_12311820" key="com.pyxis.greenhopper.jira:gh-lexo-rank">
                        <customfieldname>Rank</customfieldname>
                        <customfieldvalues>
                            <customfieldvalue>0|i3lgr3:</customfieldvalue>

                        </customfieldvalues>
                    </customfield>
                                                                <customfield id="customfield_12310920" key="com.pyxis.greenhopper.jira:gh-global-rank">
                        <customfieldname>Rank (Obsolete)</customfieldname>
                        <customfieldvalues>
                            <customfieldvalue>9223372036854775807</customfieldvalue>
                        </customfieldvalues>
                    </customfield>
                                                                                                                                                                                                                                                                                                                                                                                                                                                                                                                                                                                                                                                                            <customfield id="customfield_12310222" key="com.atlassian.jira.ext.charting:timeinstatus">
                        <customfieldname>Time in Status</customfieldname>
                        <customfieldvalues>
                            
                        </customfieldvalues>
                    </customfield>
                                                                                            </customfields>
    </item>


<item>
            <title>[ACCUMULO-4723] Add HADOOP_CONF_DIR to classpath when running Random Walk tests in YARN</title>
                <link>https://issues.apache.org/jira/browse/ACCUMULO-4723</link>
                <project id="12312121" key="ACCUMULO">Accumulo</project>
                    <description>&lt;p&gt;HADOOP_CONF_DIR needs to be set on the classpath for running RW tests in YARN. See &lt;a href=&quot;https://issues.apache.org/jira/browse/ACCUMULO-4718&quot; title=&quot;Accumulo-testing classes are broken&quot; class=&quot;issue-link&quot; data-issue-key=&quot;ACCUMULO-4718&quot;&gt;&lt;del&gt;ACCUMULO-4718&lt;/del&gt;&lt;/a&gt; for background on in issue.&lt;/p&gt;</description>
                <environment></environment>
        <key id="13109295">ACCUMULO-4723</key>
            <summary>Add HADOOP_CONF_DIR to classpath when running Random Walk tests in YARN</summary>
                <type id="1" iconUrl="https://issues.apache.org/jira/secure/viewavatar?size=xsmall&amp;avatarId=21133&amp;avatarType=issuetype">Bug</type>
                                            <priority id="3" iconUrl="https://issues.apache.org/jira/images/icons/priorities/major.svg">Major</priority>
                        <status id="1" iconUrl="https://issues.apache.org/jira/images/icons/statuses/open.png" description="The issue is open and ready for the assignee to start work on it.">Open</status>
                    <statusCategory id="2" key="new" colorName="blue-gray"/>
                                    <resolution id="-1">Unresolved</resolution>
                                        <assignee username="-1">Unassigned</assignee>
                                    <reporter username="mikewalch">Mike Walch</reporter>
                        <labels>
                    </labels>
                <created>Fri, 13 Oct 2017 15:53:00 +0000</created>
                <updated>Fri, 13 Oct 2017 15:53:00 +0000</updated>
                                                                            <component>test</component>
                        <due></due>
                            <votes>0</votes>
                                    <watches>2</watches>
                                                                        <attachments>
                    </attachments>
                <subtasks>
                    </subtasks>
                <customfields>
                                                                            <customfield id="customfield_12310310" key="com.atlassian.jira.toolkit:attachments">
                        <customfieldname>Attachment count</customfieldname>
                        <customfieldvalues>
                            <customfieldvalue>0.0</customfieldvalue>
                        </customfieldvalues>
                    </customfield>
                                                                                                                                                                                                                                                                                                                                                                                                                                                                                                                                                                                                                                                                                                                                    <customfield id="customfield_12314020" key="com.atlassian.jira.plugins.jira-development-integration-plugin:devsummary">
                        <customfieldname>Development</customfieldname>
                        <customfieldvalues>
                            
                        </customfieldvalues>
                    </customfield>
                                                                                                                        <customfield id="customfield_12313422" key="com.atlassian.jirafisheyeplugin:jobcheckbox">
                        <customfieldname>Enable Automatic Patch Review</customfieldname>
                        <customfieldvalues>
                            <customfieldvalue><![CDATA[false]]></customfieldvalue>

                        </customfieldvalues>
                    </customfield>
                                                                                                                                                                                                                                                                                                                                                                                                                                                                                                                                                                                                                                                <customfield id="customfield_12310420" key="com.pyxis.greenhopper.jira:gh-global-rank">
                        <customfieldname>Global Rank</customfieldname>
                        <customfieldvalues>
                            <customfieldvalue>9223372036854775807</customfieldvalue>
                        </customfieldvalues>
                    </customfield>
                                                                                                                                                                                                            <customfield id="customfield_12312521" key="com.atlassian.jira.toolkit:LastCommentDate">
                        <customfieldname>Last public comment date</customfieldname>
                        <customfieldvalues>
                            2 years, 18 weeks, 2 days ago
                        </customfieldvalues>
                    </customfield>
                                                                                                                                                                                                            <customfield id="customfield_12311820" key="com.pyxis.greenhopper.jira:gh-lexo-rank">
                        <customfieldname>Rank</customfieldname>
                        <customfieldvalues>
                            <customfieldvalue>0|i3l907:</customfieldvalue>

                        </customfieldvalues>
                    </customfield>
                                                                <customfield id="customfield_12310920" key="com.pyxis.greenhopper.jira:gh-global-rank">
                        <customfieldname>Rank (Obsolete)</customfieldname>
                        <customfieldvalues>
                            <customfieldvalue>9223372036854775807</customfieldvalue>
                        </customfieldvalues>
                    </customfield>
                                                                                                                                                                                                                                                                                                                                                                                                                                                                                                                                                                                                                                                                                                                                    </customfields>
    </item>


<item>
            <title>[ACCUMULO-4721] Document rfile-info in the user manual</title>
                <link>https://issues.apache.org/jira/browse/ACCUMULO-4721</link>
                <project id="12312121" key="ACCUMULO">Accumulo</project>
                    <description>&lt;p&gt;Currently the &apos;old school&apos; PrintInfo is documented at &lt;a href=&quot;http://accumulo.apache.org/1.8/accumulo_user_manual.html#_tools&quot; class=&quot;external-link&quot; rel=&quot;nofollow&quot;&gt;http://accumulo.apache.org/1.8/accumulo_user_manual.html#_tools&lt;/a&gt;&lt;/p&gt;

&lt;p&gt;We should document the &apos;rfile-info&apos; info which is easier to remember than org.apache.accumulo.core.file.rfile.PrintInfo&lt;/p&gt;</description>
                <environment></environment>
        <key id="13108625">ACCUMULO-4721</key>
            <summary>Document rfile-info in the user manual</summary>
                <type id="1" iconUrl="https://issues.apache.org/jira/secure/viewavatar?size=xsmall&amp;avatarId=21133&amp;avatarType=issuetype">Bug</type>
                                            <priority id="5" iconUrl="https://issues.apache.org/jira/images/icons/priorities/trivial.svg">Trivial</priority>
                        <status id="5" iconUrl="https://issues.apache.org/jira/images/icons/statuses/resolved.png" description="A resolution has been taken, and it is awaiting verification by reporter. From here issues are either reopened, or are closed.">Resolved</status>
                    <statusCategory id="3" key="done" colorName="green"/>
                                    <resolution id="1">Fixed</resolution>
                                        <assignee username="jmark99">Mark Owens</assignee>
                                    <reporter username="mjwall">Michael Wall</reporter>
                        <labels>
                            <label>pull-request-available</label>
                    </labels>
                <created>Wed, 11 Oct 2017 14:17:54 +0000</created>
                <updated>Tue, 23 Apr 2019 16:13:12 +0000</updated>
                            <resolved>Fri, 20 Oct 2017 19:16:27 +0000</resolved>
                                    <version>1.7.3</version>
                    <version>1.8.1</version>
                                    <fixVersion>1.7.4</fixVersion>
                    <fixVersion>1.9.0</fixVersion>
                                        <due></due>
                            <votes>1</votes>
                                    <watches>3</watches>
                                            <timeestimate seconds="0">0h</timeestimate>
                            <timespent seconds="7200">2h</timespent>
                                        <attachments>
                    </attachments>
                <subtasks>
                    </subtasks>
                <customfields>
                                                                            <customfield id="customfield_12310310" key="com.atlassian.jira.toolkit:attachments">
                        <customfieldname>Attachment count</customfieldname>
                        <customfieldvalues>
                            <customfieldvalue>0.0</customfieldvalue>
                        </customfieldvalues>
                    </customfield>
                                                                                                                                                                                                                                                                                                                                                                                                                                                                                                                                                                                                                                                                                                                                    <customfield id="customfield_12314020" key="com.atlassian.jira.plugins.jira-development-integration-plugin:devsummary">
                        <customfieldname>Development</customfieldname>
                        <customfieldvalues>
                            
                        </customfieldvalues>
                    </customfield>
                                                                                                                        <customfield id="customfield_12313422" key="com.atlassian.jirafisheyeplugin:jobcheckbox">
                        <customfieldname>Enable Automatic Patch Review</customfieldname>
                        <customfieldvalues>
                            <customfieldvalue><![CDATA[false]]></customfieldvalue>

                        </customfieldvalues>
                    </customfield>
                                                                                                                                                                                                                                                                                                                                                                                                                                                                                                                                                                                                                                                <customfield id="customfield_12310420" key="com.pyxis.greenhopper.jira:gh-global-rank">
                        <customfieldname>Global Rank</customfieldname>
                        <customfieldvalues>
                            <customfieldvalue>9223372036854775807</customfieldvalue>
                        </customfieldvalues>
                    </customfield>
                                                                                                                                                                                                            <customfield id="customfield_12312521" key="com.atlassian.jira.toolkit:LastCommentDate">
                        <customfieldname>Last public comment date</customfieldname>
                        <customfieldvalues>
                            2 years, 18 weeks, 4 days ago
                        </customfieldvalues>
                    </customfield>
                                                                                                                                                                                                            <customfield id="customfield_12311820" key="com.pyxis.greenhopper.jira:gh-lexo-rank">
                        <customfieldname>Rank</customfieldname>
                        <customfieldvalues>
                            <customfieldvalue>0|i3l513:</customfieldvalue>

                        </customfieldvalues>
                    </customfield>
                                                                <customfield id="customfield_12310920" key="com.pyxis.greenhopper.jira:gh-global-rank">
                        <customfieldname>Rank (Obsolete)</customfieldname>
                        <customfieldvalues>
                            <customfieldvalue>9223372036854775807</customfieldvalue>
                        </customfieldvalues>
                    </customfield>
                                                                                                                                                                                                                                                                                                                                                                                                                                                                                                                                                                                                                                                                            <customfield id="customfield_12310222" key="com.atlassian.jira.ext.charting:timeinstatus">
                        <customfieldname>Time in Status</customfieldname>
                        <customfieldvalues>
                            
                        </customfieldvalues>
                    </customfield>
                                                                                            </customfields>
    </item>


<item>
            <title>[ACCUMULO-4718] Accumulo-testing classes are broken</title>
                <link>https://issues.apache.org/jira/browse/ACCUMULO-4718</link>
                <project id="12312121" key="ACCUMULO">Accumulo</project>
                    <description>&lt;p&gt;Multiple changes to 2.0 over the past 6 months or so have been left out of the accumulo-testing repo.  Update the testing classes with these changes so they can be run against 2.0&lt;/p&gt;</description>
                <environment></environment>
        <key id="13107340">ACCUMULO-4718</key>
            <summary>Accumulo-testing classes are broken</summary>
                <type id="1" iconUrl="https://issues.apache.org/jira/secure/viewavatar?size=xsmall&amp;avatarId=21133&amp;avatarType=issuetype">Bug</type>
                                            <priority id="3" iconUrl="https://issues.apache.org/jira/images/icons/priorities/major.svg">Major</priority>
                        <status id="5" iconUrl="https://issues.apache.org/jira/images/icons/statuses/resolved.png" description="A resolution has been taken, and it is awaiting verification by reporter. From here issues are either reopened, or are closed.">Resolved</status>
                    <statusCategory id="3" key="done" colorName="green"/>
                                    <resolution id="1">Fixed</resolution>
                                        <assignee username="milleruntime">Michael Miller</assignee>
                                    <reporter username="milleruntime">Michael Miller</reporter>
                        <labels>
                            <label>pull-request-available</label>
                    </labels>
                <created>Thu, 5 Oct 2017 19:58:30 +0000</created>
                <updated>Wed, 18 Oct 2017 15:48:29 +0000</updated>
                            <resolved>Wed, 18 Oct 2017 15:48:29 +0000</resolved>
                                                    <fixVersion>2.0.0</fixVersion>
                                    <component>test</component>
                        <due></due>
                            <votes>0</votes>
                                    <watches>2</watches>
                                            <timeestimate seconds="0">0h</timeestimate>
                            <timespent seconds="3000">50m</timespent>
                                <comments>
                            <comment id="16199382" author="milleruntime" created="Tue, 10 Oct 2017 21:18:36 +0000"  >&lt;p&gt;Some of the randomwalk tests are broken.  &lt;/p&gt;</comment>
                            <comment id="16199432" author="milleruntime" created="Tue, 10 Oct 2017 21:52:51 +0000"  >&lt;p&gt;The problem appears to be configuration related but is strange because some of the randomwalk tests work.  It looks to just be Security.xml and Bulk.xml that are having problems connecting to Accumulo.&lt;/p&gt;</comment>
                            <comment id="16200722" author="milleruntime" created="Wed, 11 Oct 2017 18:27:34 +0000"  >&lt;p&gt;I solved the configuration issue... conf/accumulo-testing.properties requires proper setting of&lt;/p&gt;
&lt;ol&gt;
	&lt;li&gt;HDFS root path. Should match &apos;fs.defaultFS&apos; property in Hadoop&apos;s core-site.xml&lt;br/&gt;
test.common.hdfs.root=hdfs://localhost:8020&lt;/li&gt;
&lt;/ol&gt;


&lt;p&gt;It looks like this requirement could be eliminated with completion of &lt;a href=&quot;https://issues.apache.org/jira/browse/ACCUMULO-4717&quot; title=&quot;Testing repo should only use public API&quot; class=&quot;issue-link&quot; data-issue-key=&quot;ACCUMULO-4717&quot;&gt;&lt;del&gt;ACCUMULO-4717&lt;/del&gt;&lt;/a&gt;&lt;/p&gt;</comment>
                            <comment id="16201026" author="milleruntime" created="Wed, 11 Oct 2017 21:49:43 +0000"  >&lt;p&gt;Well not quite... the accumulo-testing client appears to be configured properly but when it calls TableOperations().importDirectory on BulkPlusOne, it is out of sync.  The call to TableOperaions causes a FileNotFoundException when importDirectory() checks the path against the Hadoop FileSystem that it pulls from CachedConfiguration.getInstance().  The fs I have set in accumulo-testing client returns &quot;hdfs://localhost:8020&quot; while the FileSystem in TableOperations returns &quot;file:///&quot;.&lt;br/&gt;
Here is the stacktrace:&lt;/p&gt;
&lt;div class=&quot;code panel&quot; style=&quot;border-width: 1px;&quot;&gt;&lt;div class=&quot;codeContent panelContent&quot;&gt;
&lt;pre class=&quot;code-java&quot;&gt;
2017-10-11 14:14:51,830 [randomwalk.bulk.BulkPlusOne] ERROR: org.apache.accumulo.core.client.AccumuloException: Bulk &lt;span class=&quot;code-keyword&quot;&gt;import&lt;/span&gt;  directory /tmp/bulk_f96ee0a1-e125-4b00-acf2-10a774cdfe57 does not exist!
org.apache.accumulo.core.client.AccumuloException: Bulk &lt;span class=&quot;code-keyword&quot;&gt;import&lt;/span&gt;  directory /tmp/bulk_f96ee0a1-e125-4b00-acf2-10a774cdfe57 does not exist!
	at org.apache.accumulo.core.client.impl.TableOperationsImpl.checkPath(TableOperationsImpl.java:1101)
	at org.apache.accumulo.core.client.impl.TableOperationsImpl.importDirectory(TableOperationsImpl.java:1123)
	at org.apache.accumulo.testing.core.randomwalk.bulk.BulkPlusOne.bulkLoadLots(BulkPlusOne.java:102)
	at org.apache.accumulo.testing.core.randomwalk.bulk.BulkPlusOne.runLater(BulkPlusOne.java:120)
	at org.apache.accumulo.testing.core.randomwalk.bulk.BulkTest.lambda$visit$0(BulkTest.java:31)
	at java.util.concurrent.Executors$RunnableAdapter.call(Executors.java:511)
	at java.util.concurrent.FutureTask.run(FutureTask.java:266)
	at java.util.concurrent.ThreadPoolExecutor.runWorker(ThreadPoolExecutor.java:1149)
	at java.util.concurrent.ThreadPoolExecutor$Worker.run(ThreadPoolExecutor.java:624)
	at org.apache.accumulo.fate.util.LoggingRunnable.run(LoggingRunnable.java:35)
	at java.lang.&lt;span class=&quot;code-object&quot;&gt;Thread&lt;/span&gt;.run(&lt;span class=&quot;code-object&quot;&gt;Thread&lt;/span&gt;.java:748)
&lt;/pre&gt;
&lt;/div&gt;&lt;/div&gt;

&lt;p&gt;Meanwhile, if I connect to the Uno instance I have running, I can see that directory and its contents. &lt;/p&gt;</comment>
                    </comments>
                    <attachments>
                    </attachments>
                <subtasks>
                    </subtasks>
                <customfields>
                                                                            <customfield id="customfield_12310310" key="com.atlassian.jira.toolkit:attachments">
                        <customfieldname>Attachment count</customfieldname>
                        <customfieldvalues>
                            <customfieldvalue>0.0</customfieldvalue>
                        </customfieldvalues>
                    </customfield>
                                                                                                                                                                                                                                                                                                                                                                                                                                                                                                                                                                                                                                                                                                                                    <customfield id="customfield_12314020" key="com.atlassian.jira.plugins.jira-development-integration-plugin:devsummary">
                        <customfieldname>Development</customfieldname>
                        <customfieldvalues>
                            
                        </customfieldvalues>
                    </customfield>
                                                                                                                        <customfield id="customfield_12313422" key="com.atlassian.jirafisheyeplugin:jobcheckbox">
                        <customfieldname>Enable Automatic Patch Review</customfieldname>
                        <customfieldvalues>
                            <customfieldvalue><![CDATA[false]]></customfieldvalue>

                        </customfieldvalues>
                    </customfield>
                                                                                                                                                                                                                                                                                                                                                                                                                                                                                                                                                                                                                                                <customfield id="customfield_12310420" key="com.pyxis.greenhopper.jira:gh-global-rank">
                        <customfieldname>Global Rank</customfieldname>
                        <customfieldvalues>
                            <customfieldvalue>9223372036854775807</customfieldvalue>
                        </customfieldvalues>
                    </customfield>
                                                                                                                                                                                                            <customfield id="customfield_12312521" key="com.atlassian.jira.toolkit:LastCommentDate">
                        <customfieldname>Last public comment date</customfieldname>
                        <customfieldvalues>
                            2 years, 18 weeks, 4 days ago
                        </customfieldvalues>
                    </customfield>
                                                                                                                                                                                                            <customfield id="customfield_12311820" key="com.pyxis.greenhopper.jira:gh-lexo-rank">
                        <customfieldname>Rank</customfieldname>
                        <customfieldvalues>
                            <customfieldvalue>0|i3kxnj:</customfieldvalue>

                        </customfieldvalues>
                    </customfield>
                                                                <customfield id="customfield_12310920" key="com.pyxis.greenhopper.jira:gh-global-rank">
                        <customfieldname>Rank (Obsolete)</customfieldname>
                        <customfieldvalues>
                            <customfieldvalue>9223372036854775807</customfieldvalue>
                        </customfieldvalues>
                    </customfield>
                                                                                                                                                                                                                                                                                                                                                                                                                                                                                                                                                                                                                                                                            <customfield id="customfield_12310222" key="com.atlassian.jira.ext.charting:timeinstatus">
                        <customfieldname>Time in Status</customfieldname>
                        <customfieldvalues>
                            
                        </customfieldvalues>
                    </customfield>
                                                                                            </customfields>
    </item>


<item>
            <title>[ACCUMULO-4717] Testing repo should only use public API</title>
                <link>https://issues.apache.org/jira/browse/ACCUMULO-4717</link>
                <project id="12312121" key="ACCUMULO">Accumulo</project>
                    <description>&lt;p&gt;The accumulo-testing repo &lt;a href=&quot;https://github.com/apache/accumulo-testing&quot; class=&quot;external-link&quot; rel=&quot;nofollow&quot;&gt;https://github.com/apache/accumulo-testing&lt;/a&gt; should only use code from the public API.  If there are tests that are using specific internal code then those particular tests should be put back into the main accumulo repo.&lt;/p&gt;</description>
                <environment></environment>
        <key id="13107281">ACCUMULO-4717</key>
            <summary>Testing repo should only use public API</summary>
                <type id="1" iconUrl="https://issues.apache.org/jira/secure/viewavatar?size=xsmall&amp;avatarId=21133&amp;avatarType=issuetype">Bug</type>
                                            <priority id="3" iconUrl="https://issues.apache.org/jira/images/icons/priorities/major.svg">Major</priority>
                        <status id="5" iconUrl="https://issues.apache.org/jira/images/icons/statuses/resolved.png" description="A resolution has been taken, and it is awaiting verification by reporter. From here issues are either reopened, or are closed.">Resolved</status>
                    <statusCategory id="3" key="done" colorName="green"/>
                                    <resolution id="1">Fixed</resolution>
                                        <assignee username="milleruntime">Michael Miller</assignee>
                                    <reporter username="milleruntime">Michael Miller</reporter>
                        <labels>
                            <label>pull-request-available</label>
                    </labels>
                <created>Thu, 5 Oct 2017 16:30:39 +0000</created>
                <updated>Wed, 1 Nov 2017 21:00:55 +0000</updated>
                            <resolved>Wed, 1 Nov 2017 21:00:55 +0000</resolved>
                                                                    <component>test</component>
                        <due></due>
                            <votes>0</votes>
                                    <watches>3</watches>
                                            <timeestimate seconds="0">0h</timeestimate>
                            <timespent seconds="10800">3h</timespent>
                                                        <aggregatetimeremainingestimate seconds="0">0h</aggregatetimeremainingestimate>
                                        <aggregatetimespent seconds="10800">3h</aggregatetimespent>
                                    <comments>
                            <comment id="16194826" author="kturner" created="Fri, 6 Oct 2017 16:41:51 +0000"  >&lt;p&gt;After the PR #5 is merged, can run &lt;tt&gt;mvn checkstyle:checkstyle&lt;/tt&gt; to find usage of non public APIs.&lt;/p&gt;</comment>
                            <comment id="16234745" author="milleruntime" created="Wed, 1 Nov 2017 21:00:39 +0000"  >&lt;p&gt;The testing repo is not 100% on public API but I think it is at a point where any more changes will have diminishing return.  It is at a point where it should work with older versions of Accumulo so closing this ticket.&lt;/p&gt;</comment>
                    </comments>
                <issuelinks>
                            <issuelinktype id="10030">
                    <name>Reference</name>
                                                                <inwardlinks description="is related to">
                                        <issuelink>
            <issuekey id="12661995">ACCUMULO-1641</issuekey>
        </issuelink>
                            </inwardlinks>
                                    </issuelinktype>
                    </issuelinks>
                <attachments>
                    </attachments>
                <subtasks>
                            <subtask id="13107599">ACCUMULO-4719</subtask>
                            <subtask id="13107600">ACCUMULO-4720</subtask>
                    </subtasks>
                <customfields>
                                                                            <customfield id="customfield_12310310" key="com.atlassian.jira.toolkit:attachments">
                        <customfieldname>Attachment count</customfieldname>
                        <customfieldvalues>
                            <customfieldvalue>0.0</customfieldvalue>
                        </customfieldvalues>
                    </customfield>
                                                                                                                                                                                                                                                                                                                                                                                                                                                                                                                                                                                                                                                                                                        <customfield id="customfield_12310220" key="com.atlassian.jira.ext.charting:firstresponsedate">
                        <customfieldname>Date of First Response</customfieldname>
                        <customfieldvalues>
                            <customfieldvalue>Fri, 6 Oct 2017 16:41:51 +0000</customfieldvalue>

                        </customfieldvalues>
                    </customfield>
                                                                <customfield id="customfield_12314020" key="com.atlassian.jira.plugins.jira-development-integration-plugin:devsummary">
                        <customfieldname>Development</customfieldname>
                        <customfieldvalues>
                            
                        </customfieldvalues>
                    </customfield>
                                                                                                                        <customfield id="customfield_12313422" key="com.atlassian.jirafisheyeplugin:jobcheckbox">
                        <customfieldname>Enable Automatic Patch Review</customfieldname>
                        <customfieldvalues>
                            <customfieldvalue><![CDATA[false]]></customfieldvalue>

                        </customfieldvalues>
                    </customfield>
                                                                                                                                                                                                                                                                                                                                                                                                                                                                                                                                                                                                                                                <customfield id="customfield_12310420" key="com.pyxis.greenhopper.jira:gh-global-rank">
                        <customfieldname>Global Rank</customfieldname>
                        <customfieldvalues>
                            <customfieldvalue>9223372036854775807</customfieldvalue>
                        </customfieldvalues>
                    </customfield>
                                                                                                                                                                                                            <customfield id="customfield_12312521" key="com.atlassian.jira.toolkit:LastCommentDate">
                        <customfieldname>Last public comment date</customfieldname>
                        <customfieldvalues>
                            2 years, 15 weeks, 4 days ago
                        </customfieldvalues>
                    </customfield>
                                                                                                                                                                                                            <customfield id="customfield_12311820" key="com.pyxis.greenhopper.jira:gh-lexo-rank">
                        <customfieldname>Rank</customfieldname>
                        <customfieldvalues>
                            <customfieldvalue>0|i3kxav:</customfieldvalue>

                        </customfieldvalues>
                    </customfield>
                                                                <customfield id="customfield_12310920" key="com.pyxis.greenhopper.jira:gh-global-rank">
                        <customfieldname>Rank (Obsolete)</customfieldname>
                        <customfieldvalues>
                            <customfieldvalue>9223372036854775807</customfieldvalue>
                        </customfieldvalues>
                    </customfield>
                                                                                                                                                                                                                                                                                                                                                                                                                                                                                                                                                                                                                                                                            <customfield id="customfield_12310222" key="com.atlassian.jira.ext.charting:timeinstatus">
                        <customfieldname>Time in Status</customfieldname>
                        <customfieldvalues>
                            
                        </customfieldvalues>
                    </customfield>
                                                                                            </customfields>
    </item>


<item>
            <title>[ACCUMULO-4716] Do not attempt to cache blocks over max array size</title>
                <link>https://issues.apache.org/jira/browse/ACCUMULO-4716</link>
                <project id="12312121" key="ACCUMULO">Accumulo</project>
                    <description>&lt;p&gt;One might think you could do &lt;tt&gt;new byte[Integer.MAX_VALUE]&lt;/tt&gt; in Java, but as I found when looking into &lt;a href=&quot;https://issues.apache.org/jira/browse/ACCUMULO-4708&quot; title=&quot;Limit RFile block size to 2GB&quot; class=&quot;issue-link&quot; data-issue-key=&quot;ACCUMULO-4708&quot;&gt;&lt;del&gt;ACCUMULO-4708&lt;/del&gt;&lt;/a&gt; &lt;b&gt;suprise&lt;/b&gt; you can&apos;t.  &lt;/p&gt;

&lt;p&gt;According to the &lt;a href=&quot;https://stackoverflow.com/a/8381338&quot; class=&quot;external-link&quot; rel=&quot;nofollow&quot;&gt;stack overflow post &lt;/a&gt; &lt;tt&gt;new byte[Integer.MAX_VALUE - 8]&lt;/tt&gt; should be safe.  I was able to do up to &lt;tt&gt;new byte[Integer.MAX_VALUE - 2]&lt;/tt&gt; in my local testing.&lt;/p&gt;

&lt;p&gt;When Accumulo caches a block it reads it into a byte array.  For example this code in &lt;a href=&quot;https://github.com/apache/accumulo/blob/rel/1.8.1/core/src/main/java/org/apache/accumulo/core/file/blockfile/impl/CachableBlockFile.java#L345&quot; class=&quot;external-link&quot; rel=&quot;nofollow&quot;&gt;CachableBlockFile.java&lt;/a&gt; does this when &lt;tt&gt;_currBlock.getRawSize() &amp;lt;= cache.getMaxSize()&lt;/tt&gt;.&lt;/p&gt;

&lt;p&gt;This code should ensure the size is less than &lt;tt&gt;min( cache.getMaxSize(), MAX_ARRAY_SIZE)&lt;/tt&gt; inorder to read it into a byte array.&lt;/p&gt;</description>
                <environment></environment>
        <key id="13107005">ACCUMULO-4716</key>
            <summary>Do not attempt to cache blocks over max array size</summary>
                <type id="1" iconUrl="https://issues.apache.org/jira/secure/viewavatar?size=xsmall&amp;avatarId=21133&amp;avatarType=issuetype">Bug</type>
                                            <priority id="3" iconUrl="https://issues.apache.org/jira/images/icons/priorities/major.svg">Major</priority>
                        <status id="5" iconUrl="https://issues.apache.org/jira/images/icons/statuses/resolved.png" description="A resolution has been taken, and it is awaiting verification by reporter. From here issues are either reopened, or are closed.">Resolved</status>
                    <statusCategory id="3" key="done" colorName="green"/>
                                    <resolution id="1">Fixed</resolution>
                                        <assignee username="jmark99">Mark Owens</assignee>
                                    <reporter username="kturner">Keith Turner</reporter>
                        <labels>
                            <label>newbie</label>
                            <label>pull-request-available</label>
                    </labels>
                <created>Wed, 4 Oct 2017 17:40:49 +0000</created>
                <updated>Tue, 23 Apr 2019 16:12:52 +0000</updated>
                            <resolved>Thu, 12 Oct 2017 23:48:23 +0000</resolved>
                                                    <fixVersion>1.7.4</fixVersion>
                    <fixVersion>1.9.0</fixVersion>
                                        <due></due>
                            <votes>1</votes>
                                    <watches>3</watches>
                                            <timeestimate seconds="0">0h</timeestimate>
                            <timespent seconds="6000">1h 40m</timespent>
                                <comments>
                            <comment id="16202797" author="ctubbsii" created="Thu, 12 Oct 2017 23:26:46 +0000"  >&lt;p&gt;Should this issue be closed now? I believe the fixVersion should be 1.7.4, 1.8.2, and 2.0.0. Please verify and update JIRA.&lt;/p&gt;</comment>
                            <comment id="16202825" author="jmark99" created="Thu, 12 Oct 2017 23:49:02 +0000"  >&lt;p&gt;Closed and fix versions updated. Thanks &lt;a href=&quot;https://issues.apache.org/jira/secure/ViewProfile.jspa?name=ctubbsii&quot; class=&quot;user-hover&quot; rel=&quot;ctubbsii&quot;&gt;Christopher Tubbs&lt;/a&gt;&lt;/p&gt;</comment>
                    </comments>
                    <attachments>
                    </attachments>
                <subtasks>
                    </subtasks>
                <customfields>
                                                                            <customfield id="customfield_12310310" key="com.atlassian.jira.toolkit:attachments">
                        <customfieldname>Attachment count</customfieldname>
                        <customfieldvalues>
                            <customfieldvalue>0.0</customfieldvalue>
                        </customfieldvalues>
                    </customfield>
                                                                                                                                                                                                                                                                                                                                                                                                                                                                                                                                                                                                                                                                                                        <customfield id="customfield_12310220" key="com.atlassian.jira.ext.charting:firstresponsedate">
                        <customfieldname>Date of First Response</customfieldname>
                        <customfieldvalues>
                            <customfieldvalue>Thu, 12 Oct 2017 23:26:46 +0000</customfieldvalue>

                        </customfieldvalues>
                    </customfield>
                                                                <customfield id="customfield_12314020" key="com.atlassian.jira.plugins.jira-development-integration-plugin:devsummary">
                        <customfieldname>Development</customfieldname>
                        <customfieldvalues>
                            
                        </customfieldvalues>
                    </customfield>
                                                                                                                        <customfield id="customfield_12313422" key="com.atlassian.jirafisheyeplugin:jobcheckbox">
                        <customfieldname>Enable Automatic Patch Review</customfieldname>
                        <customfieldvalues>
                            <customfieldvalue><![CDATA[false]]></customfieldvalue>

                        </customfieldvalues>
                    </customfield>
                                                                                                                                                                                                                                                                                                                                                                                                                                                                                                                                                                                                                                                <customfield id="customfield_12310420" key="com.pyxis.greenhopper.jira:gh-global-rank">
                        <customfieldname>Global Rank</customfieldname>
                        <customfieldvalues>
                            <customfieldvalue>9223372036854775807</customfieldvalue>
                        </customfieldvalues>
                    </customfield>
                                                                                                                                                                                                            <customfield id="customfield_12312521" key="com.atlassian.jira.toolkit:LastCommentDate">
                        <customfieldname>Last public comment date</customfieldname>
                        <customfieldvalues>
                            2 years, 18 weeks, 3 days ago
                        </customfieldvalues>
                    </customfield>
                                                                                                                                                                                                            <customfield id="customfield_12311820" key="com.pyxis.greenhopper.jira:gh-lexo-rank">
                        <customfieldname>Rank</customfieldname>
                        <customfieldvalues>
                            <customfieldvalue>0|i3kvlz:</customfieldvalue>

                        </customfieldvalues>
                    </customfield>
                                                                <customfield id="customfield_12310920" key="com.pyxis.greenhopper.jira:gh-global-rank">
                        <customfieldname>Rank (Obsolete)</customfieldname>
                        <customfieldvalues>
                            <customfieldvalue>9223372036854775807</customfieldvalue>
                        </customfieldvalues>
                    </customfield>
                                                                                                                                                                                                                                                                                                                                                                                                                                                                                                                                                                                                                                                                            <customfield id="customfield_12310222" key="com.atlassian.jira.ext.charting:timeinstatus">
                        <customfieldname>Time in Status</customfieldname>
                        <customfieldvalues>
                            
                        </customfieldvalues>
                    </customfield>
                                                                                            </customfields>
    </item>


<item>
            <title>[ACCUMULO-4715] Accumulo upgrade path fails from 1.6 to 1.7/1.8 if PerTableVolumeChooser or PreferredTableVolumeChooser is the default</title>
                <link>https://issues.apache.org/jira/browse/ACCUMULO-4715</link>
                <project id="12312121" key="ACCUMULO">Accumulo</project>
                    <description>&lt;p&gt;The createReplicationTable method in the MetadataTableUtil used to create the replication table when upgrading from 1.6 and calls the default volume chooser to get a location.  The problem is that at that point the replication table does not exist and the PerTableVolumeChooser and the PreferredTableVolumeChooser classes will call the getTableConfiguration with the supplied table id which will return null.  Subsequently those volume choosers will throw a NullPointerException and the upgrade will fail.  Both of these volume choosers should instead use the fallbacks instead of failing.&lt;/p&gt;</description>
                <environment></environment>
        <key id="13106964">ACCUMULO-4715</key>
            <summary>Accumulo upgrade path fails from 1.6 to 1.7/1.8 if PerTableVolumeChooser or PreferredTableVolumeChooser is the default</summary>
                <type id="1" iconUrl="https://issues.apache.org/jira/secure/viewavatar?size=xsmall&amp;avatarId=21133&amp;avatarType=issuetype">Bug</type>
                                            <priority id="2" iconUrl="https://issues.apache.org/jira/images/icons/priorities/critical.svg">Critical</priority>
                        <status id="5" iconUrl="https://issues.apache.org/jira/images/icons/statuses/resolved.png" description="A resolution has been taken, and it is awaiting verification by reporter. From here issues are either reopened, or are closed.">Resolved</status>
                    <statusCategory id="3" key="done" colorName="green"/>
                                    <resolution id="2">Won&apos;t Fix</resolution>
                                        <assignee username="ivan.bella">Ivan Bella</assignee>
                                    <reporter username="ivan.bella">Ivan Bella</reporter>
                        <labels>
                    </labels>
                <created>Wed, 4 Oct 2017 15:08:10 +0000</created>
                <updated>Tue, 11 Jun 2019 06:07:46 +0000</updated>
                            <resolved>Tue, 11 Jun 2019 06:07:46 +0000</resolved>
                                    <version>1.7.2</version>
                    <version>1.7.3</version>
                    <version>1.8.0</version>
                    <version>1.8.1</version>
                                                        <due></due>
                            <votes>0</votes>
                                    <watches>2</watches>
                                                                        <attachments>
                    </attachments>
                <subtasks>
                    </subtasks>
                <customfields>
                                                                            <customfield id="customfield_12310310" key="com.atlassian.jira.toolkit:attachments">
                        <customfieldname>Attachment count</customfieldname>
                        <customfieldvalues>
                            <customfieldvalue>0.0</customfieldvalue>
                        </customfieldvalues>
                    </customfield>
                                                                                                                                                                                                                                                                                                                                                                                                                                                                                                                                                                                                                                                                                                                                    <customfield id="customfield_12314020" key="com.atlassian.jira.plugins.jira-development-integration-plugin:devsummary">
                        <customfieldname>Development</customfieldname>
                        <customfieldvalues>
                            
                        </customfieldvalues>
                    </customfield>
                                                                                                                        <customfield id="customfield_12313422" key="com.atlassian.jirafisheyeplugin:jobcheckbox">
                        <customfieldname>Enable Automatic Patch Review</customfieldname>
                        <customfieldvalues>
                            <customfieldvalue><![CDATA[false]]></customfieldvalue>

                        </customfieldvalues>
                    </customfield>
                                                                                                                                                                                                                                                                                                                                                                                                                                                                                                                                                                                                                                                <customfield id="customfield_12310420" key="com.pyxis.greenhopper.jira:gh-global-rank">
                        <customfieldname>Global Rank</customfieldname>
                        <customfieldvalues>
                            <customfieldvalue>9223372036854775807</customfieldvalue>
                        </customfieldvalues>
                    </customfield>
                                                                                                                                                                                                            <customfield id="customfield_12312521" key="com.atlassian.jira.toolkit:LastCommentDate">
                        <customfieldname>Last public comment date</customfieldname>
                        <customfieldvalues>
                            2 years, 19 weeks, 4 days ago
                        </customfieldvalues>
                    </customfield>
                                                                                                                                                                                                            <customfield id="customfield_12311820" key="com.pyxis.greenhopper.jira:gh-lexo-rank">
                        <customfieldname>Rank</customfieldname>
                        <customfieldvalues>
                            <customfieldvalue>0|i3kvcv:</customfieldvalue>

                        </customfieldvalues>
                    </customfield>
                                                                <customfield id="customfield_12310920" key="com.pyxis.greenhopper.jira:gh-global-rank">
                        <customfieldname>Rank (Obsolete)</customfieldname>
                        <customfieldvalues>
                            <customfieldvalue>9223372036854775807</customfieldvalue>
                        </customfieldvalues>
                    </customfield>
                                                                                                                                                                                                                                                                                                                                                                                                                                                                                                                                                                                                                                                                            <customfield id="customfield_12310222" key="com.atlassian.jira.ext.charting:timeinstatus">
                        <customfieldname>Time in Status</customfieldname>
                        <customfieldvalues>
                            
                        </customfieldvalues>
                    </customfield>
                                                                                            </customfields>
    </item>


<item>
            <title>[ACCUMULO-4713] IteratorUtil.minimizeEndKeyTimestamp() and IteratorUtil.maximizeStartKeyTimestamp() may not set correct ranges</title>
                <link>https://issues.apache.org/jira/browse/ACCUMULO-4713</link>
                <project id="12312121" key="ACCUMULO">Accumulo</project>
                    <description>&lt;p&gt;If a Key with a Long.MAX_VALUE timestamp is the startKey of the Range passed to maximizeStartKeyTimestamp() or a Long.MIN_VALUE timestamp is the endKey of the range passed to minimizeEndKeyTimestamp() the returned Range will not have inclusive set to true for the start/end Key. &lt;/p&gt;

&lt;p&gt;This was observed while using the VersioningIterator and table.scan.max.memory setting. When the scan range includes matching Keys of which one has the timestamp of Long.MAX_VALUE the table.scan.max.memory can be set such that a reseek will be performed starting with the Key that has a Long.MAX_VALUE timestamp. The result is that the Key with Long.MAX_VALUE will be returned from the first batch, and the value will not be considered when evaluating the second batch, since the Range will not be modified to be inclusive when calling IteratorUtil.maximizeStartKeyTimestamp(), leading to the next (matching) Key also being returned. &lt;/p&gt;</description>
                <environment></environment>
        <key id="13106491">ACCUMULO-4713</key>
            <summary>IteratorUtil.minimizeEndKeyTimestamp() and IteratorUtil.maximizeStartKeyTimestamp() may not set correct ranges</summary>
                <type id="1" iconUrl="https://issues.apache.org/jira/secure/viewavatar?size=xsmall&amp;avatarId=21133&amp;avatarType=issuetype">Bug</type>
                                            <priority id="4" iconUrl="https://issues.apache.org/jira/images/icons/priorities/minor.svg">Minor</priority>
                        <status id="5" iconUrl="https://issues.apache.org/jira/images/icons/statuses/resolved.png" description="A resolution has been taken, and it is awaiting verification by reporter. From here issues are either reopened, or are closed.">Resolved</status>
                    <statusCategory id="3" key="done" colorName="green"/>
                                    <resolution id="1">Fixed</resolution>
                                        <assignee username="FineAndDandy">Charles Williams</assignee>
                                    <reporter username="FineAndDandy">Charles Williams</reporter>
                        <labels>
                            <label>pull-request-available</label>
                    </labels>
                <created>Mon, 2 Oct 2017 17:53:29 +0000</created>
                <updated>Tue, 23 Apr 2019 16:13:17 +0000</updated>
                            <resolved>Fri, 6 Oct 2017 01:31:31 +0000</resolved>
                                                    <fixVersion>1.7.4</fixVersion>
                    <fixVersion>1.9.0</fixVersion>
                                        <due></due>
                            <votes>0</votes>
                                    <watches>4</watches>
                                            <timeestimate seconds="0">0h</timeestimate>
                            <timespent seconds="9600">2h 40m</timespent>
                                <comments>
                            <comment id="16193790" author="ctubbsii" created="Thu, 5 Oct 2017 21:50:34 +0000"  >&lt;p&gt;Is this issue done? The PR is closed. If it&apos;s done, it needs a fixVersion and to be marked &quot;Fixed&quot;.&lt;/p&gt;</comment>
                    </comments>
                    <attachments>
                    </attachments>
                <subtasks>
                    </subtasks>
                <customfields>
                                                                            <customfield id="customfield_12310310" key="com.atlassian.jira.toolkit:attachments">
                        <customfieldname>Attachment count</customfieldname>
                        <customfieldvalues>
                            <customfieldvalue>0.0</customfieldvalue>
                        </customfieldvalues>
                    </customfield>
                                                                                                                                                                                                                                                                                                                                                                                                                                                                                                                                                                                                                                                                                                        <customfield id="customfield_12310220" key="com.atlassian.jira.ext.charting:firstresponsedate">
                        <customfieldname>Date of First Response</customfieldname>
                        <customfieldvalues>
                            <customfieldvalue>Thu, 5 Oct 2017 21:50:34 +0000</customfieldvalue>

                        </customfieldvalues>
                    </customfield>
                                                                <customfield id="customfield_12314020" key="com.atlassian.jira.plugins.jira-development-integration-plugin:devsummary">
                        <customfieldname>Development</customfieldname>
                        <customfieldvalues>
                            
                        </customfieldvalues>
                    </customfield>
                                                                                                                        <customfield id="customfield_12313422" key="com.atlassian.jirafisheyeplugin:jobcheckbox">
                        <customfieldname>Enable Automatic Patch Review</customfieldname>
                        <customfieldvalues>
                            <customfieldvalue><![CDATA[false]]></customfieldvalue>

                        </customfieldvalues>
                    </customfield>
                                                                                                                                                                                                                                                                                                                                                                                                                                                                                                                                                                                                                                                <customfield id="customfield_12310420" key="com.pyxis.greenhopper.jira:gh-global-rank">
                        <customfieldname>Global Rank</customfieldname>
                        <customfieldvalues>
                            <customfieldvalue>9223372036854775807</customfieldvalue>
                        </customfieldvalues>
                    </customfield>
                                                                                                                                                                                                            <customfield id="customfield_12312521" key="com.atlassian.jira.toolkit:LastCommentDate">
                        <customfieldname>Last public comment date</customfieldname>
                        <customfieldvalues>
                            2 years, 19 weeks, 3 days ago
                        </customfieldvalues>
                    </customfield>
                                                                                                                                                                                                            <customfield id="customfield_12311820" key="com.pyxis.greenhopper.jira:gh-lexo-rank">
                        <customfieldname>Rank</customfieldname>
                        <customfieldvalues>
                            <customfieldvalue>0|i3ksgf:</customfieldvalue>

                        </customfieldvalues>
                    </customfield>
                                                                <customfield id="customfield_12310920" key="com.pyxis.greenhopper.jira:gh-global-rank">
                        <customfieldname>Rank (Obsolete)</customfieldname>
                        <customfieldvalues>
                            <customfieldvalue>9223372036854775807</customfieldvalue>
                        </customfieldvalues>
                    </customfield>
                                                                                                                                                                                                                                                                                                                                                                                                                                                                                                                                                                                                                                                                            <customfield id="customfield_12310222" key="com.atlassian.jira.ext.charting:timeinstatus">
                        <customfieldname>Time in Status</customfieldname>
                        <customfieldvalues>
                            
                        </customfieldvalues>
                    </customfield>
                                                                                            </customfields>
    </item>
</channel>
</rss>