<!--
RSS generated by JIRA (8.3.4#803005-sha1:1f96e09b3c60279a408a2ae47be3c745f571388b) at Mon Feb 17 08:23:51 UTC 2020

It is possible to restrict the fields that are returned in this document by specifying the 'field' parameter in your request.
For example, to request only the issue key and summary append 'field=key&field=summary' to the URL of your request.
-->
<!-- If you wish to do custom client-side styling of RSS, uncomment this:
<?xml-stylesheet href="https://issues.apache.org/jira/styles/jiraxml2html.xsl" type="text/xsl"?>
-->
<rss version="0.92">
    <channel>
        <title>ASF JIRA</title>
        <link>https://issues.apache.org/jira/issues/?jql=project+%3D+ACCUMULO+AND+issuetype+%3D+Bug+AND+created+%3E%3D+2017-05-01+AND+created+%3C%3D+2017-06-01</link>
        <description>An XML representation of a search request</description>
                <language>en-uk</language>
                        <issue start="0" end="4" total="4"/>
                <build-info>
            <version>8.3.4</version>
            <build-number>803005</build-number>
            <build-date>13-09-2019</build-date>
        </build-info>

<item>
            <title>[ACCUMULO-4640] Accumulo shell is expecting instance.volumes in client.conf instead of accumulo-site.xml</title>
                <link>https://issues.apache.org/jira/browse/ACCUMULO-4640</link>
                <project id="12312121" key="ACCUMULO">Accumulo</project>
                    <description>&lt;p&gt;Starting with Accumulo 1.8.1 we are getting the exception as per below when the Accumulo shell is invoked:&lt;/p&gt;

&lt;p&gt;&lt;span class=&quot;error&quot;&gt;&amp;#91;accumulo@master ~&amp;#93;&lt;/span&gt;$ /usr/local/accumulo/bin/accumulo shell -u root -p **&lt;b&gt;removed&lt;/b&gt;**&lt;br/&gt;
2017-05-18 14:31:23,667 &lt;span class=&quot;error&quot;&gt;&amp;#91;zookeeper.ZooUtil&amp;#93;&lt;/span&gt; ERROR: unable obtain instance id at hdfs://master:9000/accumulo/instance_id&lt;br/&gt;
2017-05-18 14:31:23,669 &lt;span class=&quot;error&quot;&gt;&amp;#91;start.Main&amp;#93;&lt;/span&gt; ERROR: Thread &apos;shell&apos; died.&lt;br/&gt;
java.lang.RuntimeException: Accumulo not initialized, there is no instance id at hdfs://master:9000/accumulo/instance_id&lt;br/&gt;
        at org.apache.accumulo.core.zookeeper.ZooUtil.getInstanceIDFromHdfs(ZooUtil.java:66)&lt;br/&gt;
        at org.apache.accumulo.core.zookeeper.ZooUtil.getInstanceIDFromHdfs(ZooUtil.java:51)&lt;br/&gt;
        at org.apache.accumulo.shell.Shell.getZooInstance(Shell.java:511)&lt;br/&gt;
        at org.apache.accumulo.shell.Shell.setInstance(Shell.java:473)&lt;br/&gt;
        at org.apache.accumulo.shell.Shell.config(Shell.java:322)&lt;br/&gt;
        at org.apache.accumulo.shell.Shell.execute(Shell.java:589)&lt;br/&gt;
        at org.apache.accumulo.start.Main$1.run(Main.java:120)&lt;br/&gt;
        at java.lang.Thread.run(Thread.java:745)&lt;/p&gt;

&lt;p&gt;The location used to look up the instance_id (hdfs://master:9000/accumulo/instance_id) does not appear to be consistent with this site configuration and I am not quite sure how it is being worked out.&lt;/p&gt;

&lt;p&gt;The Accumulo Overview web page shows that the instance exists:&lt;br/&gt;
Instance ID: 4264f11a-704f-4c1f-880f-08f6154232b2 &lt;br/&gt;
Thu May 18 14:44:03 BST 2017&lt;/p&gt;

&lt;p&gt;The instance_id file is in Hadoop&apos;s HDFS:&lt;br/&gt;
&lt;span class=&quot;error&quot;&gt;&amp;#91;accumulo@master ~&amp;#93;&lt;/span&gt;$ /usr/local/hadoop/bin/hdfs dfs -ls /user/accumulo/accumulo/instance_id&lt;br/&gt;
Found 1 items&lt;br/&gt;
&lt;del&gt;rw-r&lt;/del&gt;&lt;del&gt;r&lt;/del&gt;-   3 accumulo supergroup          0 2017-05-18 14:27 /user/accumulo/accumulo/instance_id/4264f11a-704f-4c1f-880f-08f6154232b2&lt;/p&gt;

&lt;p&gt;Again, within the same environment as selected above apart for using Accumulo 1.8.0, the shell can be invoked without issues.&lt;/p&gt;

&lt;p&gt;Here&apos;s a snippet from accumulo-site.xml:&lt;/p&gt;

&lt;p&gt;  &amp;lt;property&amp;gt;&lt;br/&gt;
    &amp;lt;name&amp;gt;instance.volumes&amp;lt;/name&amp;gt;&lt;br/&gt;
    &amp;lt;value&amp;gt;hdfs://master:9000/user/accumulo/accumulo&amp;lt;/value&amp;gt;&lt;br/&gt;
    &amp;lt;description&amp;gt;comma separated list of URIs for volumes. example: hdfs://localhost:9000/accumulo&amp;lt;/description&amp;gt;&lt;br/&gt;
  &amp;lt;/property&amp;gt;&lt;/p&gt;

&lt;p&gt;For historical reasons our &quot;root volume&quot; is not / but /user/accumulo although the above stack trace suggests that / is being used as root volume.&lt;/p&gt;</description>
                <environment>&lt;p&gt;&lt;span class=&quot;error&quot;&gt;&amp;#91;accumulo@master ~&amp;#93;&lt;/span&gt;$ cat /etc/redhat-release&lt;br/&gt;
CentOS Linux release 7.3.1611 (Core)&lt;br/&gt;
&lt;span class=&quot;error&quot;&gt;&amp;#91;accumulo@master ~&amp;#93;&lt;/span&gt;$ uname -a&lt;br/&gt;
Linux master 3.10.0-514.10.2.el7.x86_64 #1 SMP Fri Mar 3 00:04:05 UTC 2017 x86_64 x86_64 x86_64 GNU/Linux&lt;br/&gt;
&lt;span class=&quot;error&quot;&gt;&amp;#91;accumulo@master ~&amp;#93;&lt;/span&gt;$ java -version&lt;br/&gt;
java version &quot;1.8.0_112&quot;&lt;br/&gt;
Java(TM) SE Runtime Environment (build 1.8.0_112-b15)&lt;br/&gt;
Java HotSpot(TM) 64-Bit Server VM (build 25.112-b15, mixed mode)&lt;/p&gt;

&lt;p&gt;Hadoop: 2.8.0&lt;br/&gt;
ZooKeeper: 3.4.10&lt;br/&gt;
Accumulo: 1.8.1&lt;/p&gt;</environment>
        <key id="13073150">ACCUMULO-4640</key>
            <summary>Accumulo shell is expecting instance.volumes in client.conf instead of accumulo-site.xml</summary>
                <type id="1" iconUrl="https://issues.apache.org/jira/secure/viewavatar?size=xsmall&amp;avatarId=21133&amp;avatarType=issuetype">Bug</type>
                                            <priority id="3" iconUrl="https://issues.apache.org/jira/images/icons/priorities/major.svg">Major</priority>
                        <status id="5" iconUrl="https://issues.apache.org/jira/images/icons/statuses/resolved.png" description="A resolution has been taken, and it is awaiting verification by reporter. From here issues are either reopened, or are closed.">Resolved</status>
                    <statusCategory id="3" key="done" colorName="green"/>
                                    <resolution id="1">Fixed</resolution>
                                        <assignee username="ctubbsii">Christopher Tubbs</assignee>
                                    <reporter username="luigidifraia">Luigi Di Fraia</reporter>
                        <labels>
                    </labels>
                <created>Thu, 18 May 2017 13:57:22 +0000</created>
                <updated>Tue, 23 Apr 2019 16:13:03 +0000</updated>
                            <resolved>Fri, 9 Jun 2017 03:25:10 +0000</resolved>
                                    <version>1.8.1</version>
                                    <fixVersion>1.7.4</fixVersion>
                    <fixVersion>1.9.0</fixVersion>
                                    <component>shell</component>
                        <due></due>
                            <votes>0</votes>
                                    <watches>4</watches>
                                            <timeestimate seconds="0">0h</timeestimate>
                            <timespent seconds="3600">1h</timespent>
                                <comments>
                            <comment id="16015784" author="luigidifraia" created="Thu, 18 May 2017 13:58:58 +0000"  >&lt;p&gt;Added files (credentials removed before the upload)&lt;/p&gt;</comment>
                            <comment id="16015945" author="luigidifraia" created="Thu, 18 May 2017 15:28:56 +0000"  >&lt;p&gt;Looking at Shell.java line 508 it appears the volumes are &lt;b&gt;now&lt;/b&gt; strictly read from the client configuration for client processes:&lt;/p&gt;

&lt;p&gt;instanceName = clientConfig.get(ClientProperty.INSTANCE_NAME);&lt;/p&gt;

&lt;p&gt;Therefore I tried to add the following to client.conf:&lt;/p&gt;

&lt;p&gt;instance.volumes=hdfs://master:9000/user/accumulo/accumulo&lt;/p&gt;

&lt;p&gt;The shell can now be started. I suppose this is as per design and fully enforced starting from Accumulo 1.8.1.&lt;/p&gt;</comment>
                            <comment id="16017124" author="ctubbsii" created="Fri, 19 May 2017 09:34:17 +0000"  >&lt;p&gt;&lt;a href=&quot;https://issues.apache.org/jira/secure/ViewProfile.jspa?name=luigidifraia&quot; class=&quot;user-hover&quot; rel=&quot;luigidifraia&quot;&gt;Luigi Di Fraia&lt;/a&gt;, the shell is intended to be provided an instance name and zookeeper connection list, in order to connect to Accumulo, just like any other client. These options can be provided on the command-line, or in a client configuration file. However, for backwards compatibility, we intended to support operating without command-line arguments by parsing the server configuration file. What you describe sounds like it cannot do so in your case, because you have the accumulo-site.xml file protected with file system permissions (which is the right thing to do), or because we made a mistake and broke something.&lt;/p&gt;

&lt;p&gt;You shouldn&apos;t have to set instance.volumes in your client configuration file. You should only have to set instance.name and instance.zookeepers. This is an area we need to work on in future versions.&lt;/p&gt;</comment>
                            <comment id="16017125" author="ctubbsii" created="Fri, 19 May 2017 09:35:09 +0000"  >&lt;p&gt;Need to determine if this is a bug, and whether it also affects 1.7 branch.&lt;/p&gt;</comment>
                            <comment id="16017269" author="luigidifraia" created="Fri, 19 May 2017 11:23:52 +0000"  >&lt;p&gt;Thank you Christopher. Again, I&apos;d like to underline that with the &quot;common&quot; choice for volume (i.e. &quot;hdfs://master:9000/accumulo&quot; assuming the namenode runs on the host &quot;master&quot;) this bug cannot be replicated in 1.8.1 as the shell seems to default to using it in case it cannot find the value of instance.volumes in client.conf.&lt;/p&gt;

&lt;p&gt;There have been a number of changes in this area since Sept 2016 (the release date for Accumulo 1.8.0). In case it helps somehow: releases 1.7.1, 1.7.2 and 1.8.0 are not affected by this bug: effectively the shell can be started with an empty client.conf and seems to take configuration options from accumulo-site.xml.&lt;/p&gt;</comment>
                            <comment id="16017277" author="luigidifraia" created="Fri, 19 May 2017 11:32:48 +0000"  >&lt;p&gt;Just to confirm, if I manually alter instance.volumes in accumulo-site.xml in Accumulo 1.7.2, the shell picks the new value. E.g.:&lt;/p&gt;

&lt;p&gt;  &amp;lt;property&amp;gt;&lt;br/&gt;
    &amp;lt;name&amp;gt;instance.volumes&amp;lt;/name&amp;gt;&lt;br/&gt;
    &amp;lt;value&amp;gt;hdfs://master:9000/break/the/shell/accumulo&amp;lt;/value&amp;gt;&lt;br/&gt;
    &amp;lt;description&amp;gt;comma separated list of URIs for volumes. example: hdfs://localhost:9000/accumulo&amp;lt;/description&amp;gt;&lt;br/&gt;
  &amp;lt;/property&amp;gt;&lt;/p&gt;

&lt;p&gt;The shell also ignores any override for instance.volumes that might be added to client.conf. This behavior seems to be in agreement with what you&apos;d expect, &lt;a href=&quot;https://issues.apache.org/jira/secure/ViewProfile.jspa?name=ctubbsii&quot; class=&quot;user-hover&quot; rel=&quot;ctubbsii&quot;&gt;Christopher Tubbs&lt;/a&gt;.&lt;/p&gt;</comment>
                            <comment id="16022501" author="luigidifraia" created="Wed, 24 May 2017 08:17:29 +0000"  >&lt;p&gt;The behavior in 1.7.3 is the same as in 1.7.2. Therefore 1.7.1, 1.7.2, 1.7.3, and 1.8.0 are not affected by this bug. I can easily spin up a cluster on any Accumulo version, from 1.7.1 onward, if that might be of help with testing a patch.&lt;/p&gt;</comment>
                            <comment id="16023700" author="ctubbsii" created="Wed, 24 May 2017 21:14:58 +0000"  >&lt;p&gt;Tagging &lt;a href=&quot;https://issues.apache.org/jira/secure/ViewProfile.jspa?name=milleruntime&quot; class=&quot;user-hover&quot; rel=&quot;milleruntime&quot;&gt;Michael Miller&lt;/a&gt;, because he recently worked on code related to this, and I think he might have more insight into the expected behavior.&lt;/p&gt;</comment>
                            <comment id="16025247" author="milleruntime" created="Thu, 25 May 2017 19:23:12 +0000"  >&lt;p&gt;&lt;a href=&quot;https://issues.apache.org/jira/secure/ViewProfile.jspa?name=luigidifraia&quot; class=&quot;user-hover&quot; rel=&quot;luigidifraia&quot;&gt;Luigi Di Fraia&lt;/a&gt; does the shell work if you run it using the -z (or -zh and -zi) option? &lt;/p&gt;</comment>
                            <comment id="16030818" author="luigidifraia" created="Wed, 31 May 2017 08:15:21 +0000"  >&lt;p&gt;Thank you for your reply, &lt;a href=&quot;https://issues.apache.org/jira/secure/ViewProfile.jspa?name=milleruntime&quot; class=&quot;user-hover&quot; rel=&quot;milleruntime&quot;&gt;Michael Miller&lt;/a&gt;. Here&apos;s some feedback for Accumulo 1.8.1 with an empty &lt;em&gt;client.conf&lt;/em&gt; file:&lt;/p&gt;

&lt;p&gt;&lt;span class=&quot;error&quot;&gt;&amp;#91;accumulo@master bin&amp;#93;&lt;/span&gt;$ ./accumulo shell -z SAC zookeeper01,zookeeper02,zookeeper03 -u root&lt;br/&gt;
Password: ****&lt;br/&gt;
2017-05-31 09:07:19,405 &lt;span class=&quot;error&quot;&gt;&amp;#91;trace.DistributedTrace&amp;#93;&lt;/span&gt; INFO : SpanReceiver org.apache.accumulo.tracer.ZooTraceClient was loaded successfully.&lt;/p&gt;

&lt;p&gt;Shell - Apache Accumulo Interactive Shell&lt;br/&gt;
-&lt;/p&gt;
&lt;ul class=&quot;alternate&quot; type=&quot;square&quot;&gt;
	&lt;li&gt;version: 1.8.1&lt;/li&gt;
	&lt;li&gt;instance name: SAC&lt;/li&gt;
	&lt;li&gt;instance id: 5772e580-f009-402d-b988-43bbaf22b2a2&lt;br/&gt;
-&lt;/li&gt;
	&lt;li&gt;type &apos;help&apos; for a list of available commands&lt;br/&gt;
-&lt;br/&gt;
root@SAC&amp;gt;&lt;/li&gt;
&lt;/ul&gt;



&lt;p&gt;For reference, without &quot;-z&quot;:&lt;/p&gt;

&lt;p&gt;&lt;span class=&quot;error&quot;&gt;&amp;#91;accumulo@master bin&amp;#93;&lt;/span&gt;$ ./accumulo shell -u root&lt;br/&gt;
2017-05-31 09:07:46,251 &lt;span class=&quot;error&quot;&gt;&amp;#91;zookeeper.ZooUtil&amp;#93;&lt;/span&gt; ERROR: unable obtain instance id at hdfs://master:9000/accumulo/instance_id&lt;br/&gt;
2017-05-31 09:07:46,254 &lt;span class=&quot;error&quot;&gt;&amp;#91;start.Main&amp;#93;&lt;/span&gt; ERROR: Thread &apos;shell&apos; died.&lt;br/&gt;
java.lang.RuntimeException: Accumulo not initialized, there is no instance id at hdfs://master:9000/accumulo/instance_id&lt;br/&gt;
        at org.apache.accumulo.core.zookeeper.ZooUtil.getInstanceIDFromHdfs(ZooUtil.java:66)&lt;br/&gt;
        at org.apache.accumulo.core.zookeeper.ZooUtil.getInstanceIDFromHdfs(ZooUtil.java:51)&lt;br/&gt;
        at org.apache.accumulo.shell.Shell.getZooInstance(Shell.java:511)&lt;br/&gt;
        at org.apache.accumulo.shell.Shell.setInstance(Shell.java:473)&lt;br/&gt;
        at org.apache.accumulo.shell.Shell.config(Shell.java:322)&lt;br/&gt;
        at org.apache.accumulo.shell.Shell.execute(Shell.java:589)&lt;br/&gt;
        at org.apache.accumulo.start.Main$1.run(Main.java:120)&lt;br/&gt;
        at java.lang.Thread.run(Thread.java:748)&lt;/p&gt;

&lt;p&gt;Essentially with &quot;-z&quot; (or &quot;-zi&quot;) you are giving the shell the information that it would otherwise have to figure out from HDFS after looking up the value of &lt;tt&gt;instance.volumes&lt;/tt&gt; in &lt;em&gt;accumulo-site.xml&lt;/em&gt; (or &lt;em&gt;client.conf&lt;/em&gt; since 1.8.1).&lt;/p&gt;

&lt;p&gt;I guess the question is then: when &quot;-z&quot; (or &quot;-zi&quot;) are not provided as arguments to it should the shell pick up the value of &lt;tt&gt;instance.volumes&lt;/tt&gt; from &lt;em&gt;accumulo-site.xml&lt;/em&gt; or &lt;em&gt;client.conf&lt;/em&gt;? 1.8.1 takes the value from &lt;em&gt;client.conf&lt;/em&gt; where 1.7.x and 1.8.0 take the value from &lt;em&gt;accumulo-site.xml&lt;/em&gt;.&lt;/p&gt;</comment>
                            <comment id="16031267" author="milleruntime" created="Wed, 31 May 2017 14:48:17 +0000"  >&lt;blockquote&gt;&lt;p&gt;Essentially with &quot;-z&quot; (or &quot;-zi&quot;) you are giving the shell the information that it would otherwise have to figure out from HDFS after looking up the value of instance.volumes in accumulo-site.xml (or client.conf since 1.8.1).&lt;/p&gt;&lt;/blockquote&gt;

&lt;p&gt;Correct, except the Shell first looks for &quot;instance.name&quot; and &quot;instance.zookeeper.host&quot; in client.conf.  If the Shell can&apos;t find either of those two properties, it will than try to read them from accumulo-site.xml.  The &quot;instance.volumes&quot; property is not a client property, it is only for use in the server configuration file, accumulo-site.xml&lt;/p&gt;

&lt;blockquote&gt;&lt;p&gt;I guess the question is then: when &quot;-z&quot; (or &quot;-zi&quot;) are not provided as arguments to it should the shell pick up the value of instance.volumes from accumulo-site.xml or client.conf? 1.8.1 takes the value from client.conf where 1.7.x and 1.8.0 take the value from accumulo-site.xml.&lt;/p&gt;&lt;/blockquote&gt;

&lt;p&gt;Your client.conf should set the &quot;instance.name&quot; and &quot;instance.zookeeper.host&quot; properties.  This will prevent the shell from having to read accumulo-site.xml.&lt;/p&gt;

&lt;p&gt;I can see how this appears to be a bug but this change was made so the Shell would function as intended (more like a client).  Previously it was always reading from accumulo-site.xml.  The Shell was only supposed to fall back to reading from accumulo-site.xml (for backwards compatibility) when it couldn&apos;t get the information it needed from client.cont.  Now, with this change you can properly secure accumulo-site.xml and run the shell with &quot;-z&quot; (or &quot;-zi&quot; and &quot;-zh&quot;).  &lt;/p&gt;</comment>
                            <comment id="16031653" author="ctubbsii" created="Wed, 31 May 2017 18:32:34 +0000"  >&lt;p&gt;&lt;a href=&quot;https://issues.apache.org/jira/secure/ViewProfile.jspa?name=luigidifraia&quot; class=&quot;user-hover&quot; rel=&quot;luigidifraia&quot;&gt;Luigi Di Fraia&lt;/a&gt;, it sounds as though Accumulo is behaving as intended, so I&apos;m going to close this issue as &quot;Not A Bug&quot;.&lt;/p&gt;

&lt;p&gt;However, please feel free to continue discussing it here if you aren&apos;t satisfied with the explanation or shell behavior. We&apos;d be happy to reopen it if it turns out there&apos;s a bug to be fixed, or there&apos;s something we can do to improve the user experience.&lt;/p&gt;</comment>
                            <comment id="16032593" author="luigidifraia" created="Thu, 1 Jun 2017 07:46:08 +0000"  >&lt;p&gt;Thanks &lt;a href=&quot;https://issues.apache.org/jira/secure/ViewProfile.jspa?name=milleruntime&quot; class=&quot;user-hover&quot; rel=&quot;milleruntime&quot;&gt;Michael Miller&lt;/a&gt; and &lt;a href=&quot;https://issues.apache.org/jira/secure/ViewProfile.jspa?name=ctubbsii&quot; class=&quot;user-hover&quot; rel=&quot;ctubbsii&quot;&gt;Christopher Tubbs&lt;/a&gt; for your help with this. Indeed the feedback from Michael makes a lot of sense and explains very well the rationale behind the change of behavior discussed here.&lt;/p&gt;

&lt;p&gt;If anything, I&apos;d suggest that in the documentation for Accumulo some emphasis is given to the use of &lt;tt&gt;instance.name&lt;/tt&gt; within &lt;em&gt;client.conf&lt;/em&gt;.&lt;br/&gt;
The file &lt;em&gt;client.conf&lt;/em&gt; is referenced in two places within the documentation. On the first occurrence emphasis seems to be given mainly to the SASL transport. On the second occurrence it goes on with:&lt;/p&gt;

&lt;blockquote&gt;&lt;p&gt;These files can currently contain information about ZooKeeper servers, RPC properties (such as SSL or SASL connectors), distributed tracing properties.&lt;/p&gt;&lt;/blockquote&gt;

&lt;p&gt;Which, perhaps, might be changed to read:&lt;/p&gt;

&lt;blockquote&gt;&lt;p&gt;These files can currently contain information about ZooKeeper servers, the Accumulo instance name, RPC properties (such as SSL or SASL connectors), distributed tracing properties.&lt;/p&gt;&lt;/blockquote&gt;

&lt;p&gt;Again, thanks to you both for your assistance with this.&lt;/p&gt;</comment>
                            <comment id="16033216" author="ctubbsii" created="Thu, 1 Jun 2017 16:06:43 +0000"  >&lt;p&gt;Created &lt;a href=&quot;https://issues.apache.org/jira/browse/ACCUMULO-4645&quot; title=&quot;Improve client configuration documentation&quot; class=&quot;issue-link&quot; data-issue-key=&quot;ACCUMULO-4645&quot;&gt;&lt;del&gt;ACCUMULO-4645&lt;/del&gt;&lt;/a&gt; to improve the docs on the client configuration.&lt;/p&gt;</comment>
                            <comment id="16043675" author="ctubbsii" created="Thu, 8 Jun 2017 23:58:56 +0000"  >&lt;p&gt;I believe I&apos;ve found the cause of this. It turns out that the SiteConfiguration was using the client configuration as its parent configuration, when the shell had already fallen back to the SiteConfiguration because client configuration didn&apos;t have the necessary configuration options.&lt;/p&gt;

&lt;p&gt;The client configuration should never be the parent of the SiteConfiguration. That is the role of the DefaultConfiguration.&lt;/p&gt;

&lt;p&gt;This applies to 1.7, 1.8, and 2.0, and may be related to the improvements made in &lt;a href=&quot;https://issues.apache.org/jira/browse/ACCUMULO-4600&quot; title=&quot;Shell does not fall back to accumulo-site.xml when on classpath&quot; class=&quot;issue-link&quot; data-issue-key=&quot;ACCUMULO-4600&quot;&gt;&lt;del&gt;ACCUMULO-4600&lt;/del&gt;&lt;/a&gt; and &lt;a href=&quot;https://issues.apache.org/jira/browse/ACCUMULO-4505&quot; title=&quot;Shell still reads accumulo-site.xml when using Zookeeper CLI options&quot; class=&quot;issue-link&quot; data-issue-key=&quot;ACCUMULO-4505&quot;&gt;&lt;del&gt;ACCUMULO-4505&lt;/del&gt;&lt;/a&gt;&lt;/p&gt;</comment>
                            <comment id="16043756" author="ctubbsii" created="Fri, 9 Jun 2017 01:04:35 +0000"  >&lt;p&gt;To follow up from my last comment, this would have made the shell look for instance.volumes in the client configuration when it was missing from the SiteConfiguration, before it looked in SiteConfiguration for the deprecated fallback properties of instance.dfs.dir and instance.dfs.uri when it was trying to find the instance name from HDFS.&lt;/p&gt;

&lt;p&gt;As a reminder, the shell is doing this lookup to reproduce the behavior of HdfsZooInstance from accumulo-server-base.jar, which (correctly) is not a dependency of the shell.&lt;/p&gt;</comment>
                            <comment id="16047139" author="ctubbsii" created="Mon, 12 Jun 2017 22:19:06 +0000"  >&lt;p&gt;Earlier push broke a test. Just pushed a fix now.&lt;/p&gt;</comment>
                            <comment id="16173025" author="jomach" created="Wed, 20 Sep 2017 11:11:49 +0000"  >&lt;p&gt;So we are installing now accumulo 1.8.1 and have the same problem when using a HA cluster hdfs. &lt;/p&gt;

&lt;p&gt; &amp;lt;property&amp;gt;&lt;br/&gt;
    &amp;lt;name&amp;gt;instance.volumes&amp;lt;/name&amp;gt;&lt;br/&gt;
    &amp;lt;value&amp;gt;hdfs://SOME_HADOOP_NAME/apps/accumulo&amp;lt;/value&amp;gt;&lt;br/&gt;
    &amp;lt;description&amp;gt;comma separated list of URIs for volumes. example: hdfs://localhost:9000/accumulo&amp;lt;/description&amp;gt;&lt;br/&gt;
  &amp;lt;/property&amp;gt;&lt;/p&gt;

&lt;p&gt;When we try the shell it try to access the folder /accumulo on hdfs...  Has anyone try this ? &lt;/p&gt;</comment>
                            <comment id="16173167" author="luigidifraia" created="Wed, 20 Sep 2017 13:20:25 +0000"  >&lt;p&gt;&lt;a href=&quot;https://issues.apache.org/jira/secure/ViewProfile.jspa?name=jomach&quot; class=&quot;user-hover&quot; rel=&quot;jomach&quot;&gt;Jorge Machado&lt;/a&gt; Try the following in your &lt;em&gt;client.conf&lt;/em&gt; file:&lt;/p&gt;

&lt;p&gt;instance.name=&amp;lt;here goes your instance name, as per Namenode HA configuration&amp;gt;&lt;br/&gt;
instance.zookeeper.host=&amp;lt;here goes the comma-separated list of zookeeper servers within the ensemble&amp;gt;&lt;/p&gt;</comment>
                            <comment id="16174339" author="jomach" created="Thu, 21 Sep 2017 06:37:53 +0000"  >&lt;p&gt;&lt;a href=&quot;https://issues.apache.org/jira/secure/ViewProfile.jspa?name=luigidifraia&quot; class=&quot;user-hover&quot; rel=&quot;luigidifraia&quot;&gt;Luigi Di Fraia&lt;/a&gt; &lt;/p&gt;

&lt;p&gt;We end up changing the hdfs path, because that change does not seem clear to me. Regards and I hope that on 1.8.2 it gets fixed. &lt;/p&gt;

&lt;p&gt;Regards&lt;/p&gt;</comment>
                    </comments>
                <issuelinks>
                            <issuelinktype id="10030">
                    <name>Reference</name>
                                            <outwardlinks description="relates to">
                                        <issuelink>
            <issuekey id="13048946">ACCUMULO-4600</issuekey>
        </issuelink>
            <issuelink>
            <issuekey id="13016243">ACCUMULO-4505</issuekey>
        </issuelink>
                            </outwardlinks>
                                                                <inwardlinks description="is related to">
                                        <issuelink>
            <issuekey id="13076573">ACCUMULO-4645</issuekey>
        </issuelink>
                            </inwardlinks>
                                    </issuelinktype>
                    </issuelinks>
                <attachments>
                            <attachment id="12868770" name="accumulo-env.sh" size="4260" author="luigidifraia" created="Thu, 18 May 2017 13:58:58 +0000"/>
                            <attachment id="12868771" name="accumulo-site.xml" size="6063" author="luigidifraia" created="Thu, 18 May 2017 13:58:58 +0000"/>
                    </attachments>
                <subtasks>
                    </subtasks>
                <customfields>
                                                                            <customfield id="customfield_12310310" key="com.atlassian.jira.toolkit:attachments">
                        <customfieldname>Attachment count</customfieldname>
                        <customfieldvalues>
                            <customfieldvalue>2.0</customfieldvalue>
                        </customfieldvalues>
                    </customfield>
                                                                                                                                                                                                                                                                                                                                                                                                                                                                                                                                                                                                                                                                                                        <customfield id="customfield_12310220" key="com.atlassian.jira.ext.charting:firstresponsedate">
                        <customfieldname>Date of First Response</customfieldname>
                        <customfieldvalues>
                            <customfieldvalue>Fri, 19 May 2017 09:34:17 +0000</customfieldvalue>

                        </customfieldvalues>
                    </customfield>
                                                                <customfield id="customfield_12314020" key="com.atlassian.jira.plugins.jira-development-integration-plugin:devsummary">
                        <customfieldname>Development</customfieldname>
                        <customfieldvalues>
                            
                        </customfieldvalues>
                    </customfield>
                                                                                                                        <customfield id="customfield_12313422" key="com.atlassian.jirafisheyeplugin:jobcheckbox">
                        <customfieldname>Enable Automatic Patch Review</customfieldname>
                        <customfieldvalues>
                            <customfieldvalue><![CDATA[false]]></customfieldvalue>

                        </customfieldvalues>
                    </customfield>
                                                                                                                                                                                                                                                                                                                                                                                                                                                                                                                                                                                                                                                <customfield id="customfield_12310420" key="com.pyxis.greenhopper.jira:gh-global-rank">
                        <customfieldname>Global Rank</customfieldname>
                        <customfieldvalues>
                            <customfieldvalue>9223372036854775807</customfieldvalue>
                        </customfieldvalues>
                    </customfield>
                                                                                                                                                                                                            <customfield id="customfield_12312521" key="com.atlassian.jira.toolkit:LastCommentDate">
                        <customfieldname>Last public comment date</customfieldname>
                        <customfieldvalues>
                            2 years, 21 weeks, 4 days ago
                        </customfieldvalues>
                    </customfield>
                                                                                                                                                                                                            <customfield id="customfield_12311820" key="com.pyxis.greenhopper.jira:gh-lexo-rank">
                        <customfieldname>Rank</customfieldname>
                        <customfieldvalues>
                            <customfieldvalue>0|i3f6af:</customfieldvalue>

                        </customfieldvalues>
                    </customfield>
                                                                <customfield id="customfield_12310920" key="com.pyxis.greenhopper.jira:gh-global-rank">
                        <customfieldname>Rank (Obsolete)</customfieldname>
                        <customfieldvalues>
                            <customfieldvalue>9223372036854775807</customfieldvalue>
                        </customfieldvalues>
                    </customfield>
                                                                                                                                                                                                                                                                                                                                                                                                                                                                                                                                                                                                                                                                            <customfield id="customfield_12310222" key="com.atlassian.jira.ext.charting:timeinstatus">
                        <customfieldname>Time in Status</customfieldname>
                        <customfieldvalues>
                            
                        </customfieldvalues>
                    </customfield>
                                                                                            </customfields>
    </item>


<item>
            <title>[ACCUMULO-4639] NullTserver.java is skipped by the formatter</title>
                <link>https://issues.apache.org/jira/browse/ACCUMULO-4639</link>
                <project id="12312121" key="ACCUMULO">Accumulo</project>
                    <description>&lt;p&gt;NullTserver.java is not an auto-generated thrift file, yet it is skipped by our build-time formatter, due to it being in a package named &lt;tt&gt;thrift&lt;/tt&gt;, a package name we typically use for our thrift generated files.&lt;/p&gt;

&lt;p&gt;This is relatively trivial, but still annoying to me.&lt;/p&gt;

&lt;p&gt;Used this command to check for others (requires &lt;tt&gt;shopt -s globstar&lt;/tt&gt; for &lt;tt&gt;**&lt;/tt&gt; and GNU grep for &lt;tt&gt;-L&lt;/tt&gt;):&lt;/p&gt;

&lt;div class=&quot;code panel&quot; style=&quot;border-width: 1px;&quot;&gt;&lt;div class=&quot;codeContent panelContent&quot;&gt;
&lt;pre class=&quot;code-java&quot;&gt;fgrep -L &lt;span class=&quot;code-quote&quot;&gt;&apos;Autogenerated by Thrift &lt;span class=&quot;code-object&quot;&gt;Compiler&lt;/span&gt;&apos;&lt;/span&gt; **/src&lt;span class=&quot;code-comment&quot;&gt;/**/&lt;/span&gt;thrift&lt;span class=&quot;code-comment&quot;&gt;/**/&lt;/span&gt;*.java
&lt;/pre&gt;
&lt;/div&gt;&lt;/div&gt;</description>
                <environment></environment>
        <key id="13071425">ACCUMULO-4639</key>
            <summary>NullTserver.java is skipped by the formatter</summary>
                <type id="1" iconUrl="https://issues.apache.org/jira/secure/viewavatar?size=xsmall&amp;avatarId=21133&amp;avatarType=issuetype">Bug</type>
                                            <priority id="4" iconUrl="https://issues.apache.org/jira/images/icons/priorities/minor.svg">Minor</priority>
                        <status id="5" iconUrl="https://issues.apache.org/jira/images/icons/statuses/resolved.png" description="A resolution has been taken, and it is awaiting verification by reporter. From here issues are either reopened, or are closed.">Resolved</status>
                    <statusCategory id="3" key="done" colorName="green"/>
                                    <resolution id="1">Fixed</resolution>
                                        <assignee username="ctubbsii">Christopher Tubbs</assignee>
                                    <reporter username="ctubbsii">Christopher Tubbs</reporter>
                        <labels>
                    </labels>
                <created>Fri, 12 May 2017 03:02:02 +0000</created>
                <updated>Tue, 23 Apr 2019 16:13:13 +0000</updated>
                            <resolved>Fri, 23 Feb 2018 01:02:31 +0000</resolved>
                                                    <fixVersion>1.9.0</fixVersion>
                                    <component>build</component>
                        <due></due>
                            <votes>0</votes>
                                    <watches>1</watches>
                                            <timeestimate seconds="0">0h</timeestimate>
                            <timespent seconds="1200">20m</timespent>
                                        <attachments>
                    </attachments>
                <subtasks>
                    </subtasks>
                <customfields>
                                                                            <customfield id="customfield_12310310" key="com.atlassian.jira.toolkit:attachments">
                        <customfieldname>Attachment count</customfieldname>
                        <customfieldvalues>
                            <customfieldvalue>0.0</customfieldvalue>
                        </customfieldvalues>
                    </customfield>
                                                                                                                                                                                                                                                                                                                                                                                                                                                                                                                                                                                                                                                                                                                                    <customfield id="customfield_12314020" key="com.atlassian.jira.plugins.jira-development-integration-plugin:devsummary">
                        <customfieldname>Development</customfieldname>
                        <customfieldvalues>
                            
                        </customfieldvalues>
                    </customfield>
                                                                                                                        <customfield id="customfield_12313422" key="com.atlassian.jirafisheyeplugin:jobcheckbox">
                        <customfieldname>Enable Automatic Patch Review</customfieldname>
                        <customfieldvalues>
                            <customfieldvalue><![CDATA[false]]></customfieldvalue>

                        </customfieldvalues>
                    </customfield>
                                                                                                                                                                                                                                                                                                                                                                                                                                                                                                                                                                                                                                                <customfield id="customfield_12310420" key="com.pyxis.greenhopper.jira:gh-global-rank">
                        <customfieldname>Global Rank</customfieldname>
                        <customfieldvalues>
                            <customfieldvalue>9223372036854775807</customfieldvalue>
                        </customfieldvalues>
                    </customfield>
                                                                                                                                                                                                            <customfield id="customfield_12312521" key="com.atlassian.jira.toolkit:LastCommentDate">
                        <customfieldname>Last public comment date</customfieldname>
                        <customfieldvalues>
                            2 years, 40 weeks, 3 days ago
                        </customfieldvalues>
                    </customfield>
                                                                                                                                                                                                            <customfield id="customfield_12311820" key="com.pyxis.greenhopper.jira:gh-lexo-rank">
                        <customfieldname>Rank</customfieldname>
                        <customfieldvalues>
                            <customfieldvalue>0|i3evon:</customfieldvalue>

                        </customfieldvalues>
                    </customfield>
                                                                <customfield id="customfield_12310920" key="com.pyxis.greenhopper.jira:gh-global-rank">
                        <customfieldname>Rank (Obsolete)</customfieldname>
                        <customfieldvalues>
                            <customfieldvalue>9223372036854775807</customfieldvalue>
                        </customfieldvalues>
                    </customfield>
                                                                                                                                                                                                                                                                                                                                                                                                                                                                                                                                                                                                                                                                            <customfield id="customfield_12310222" key="com.atlassian.jira.ext.charting:timeinstatus">
                        <customfieldname>Time in Status</customfieldname>
                        <customfieldvalues>
                            
                        </customfieldvalues>
                    </customfield>
                                                                                            </customfields>
    </item>


<item>
            <title>[ACCUMULO-4637] Master should rip out locks of servers with bad system credentials</title>
                <link>https://issues.apache.org/jira/browse/ACCUMULO-4637</link>
                <project id="12312121" key="ACCUMULO">Accumulo</project>
                    <description>&lt;p&gt;Saw at a customer where one of their servers had not been properly synced. Specifically, one of the instance values was mismatched, which means the system password was mismatched. Server logs show a lot of bad auth failures for the system user (as expected).&lt;/p&gt;

&lt;p&gt;Meanwhile, the master is spinning, trying to get all the tablets online, constantly attempting to assign them to this one server (because it has 0 assigned, so it&apos;s a prime contender). Instead of this behavior, the master should rip out the servers zk lock because it&apos;s not a member of the cluster anymore (not until it&apos;s accumulo-site is fixed).&lt;/p&gt;</description>
                <environment></environment>
        <key id="13069265">ACCUMULO-4637</key>
            <summary>Master should rip out locks of servers with bad system credentials</summary>
                <type id="1" iconUrl="https://issues.apache.org/jira/secure/viewavatar?size=xsmall&amp;avatarId=21133&amp;avatarType=issuetype">Bug</type>
                                            <priority id="3" iconUrl="https://issues.apache.org/jira/images/icons/priorities/major.svg">Major</priority>
                        <status id="1" iconUrl="https://issues.apache.org/jira/images/icons/statuses/open.png" description="The issue is open and ready for the assignee to start work on it.">Open</status>
                    <statusCategory id="2" key="new" colorName="blue-gray"/>
                                    <resolution id="-1">Unresolved</resolution>
                                        <assignee username="-1">Unassigned</assignee>
                                    <reporter username="vines">John Vines</reporter>
                        <labels>
                    </labels>
                <created>Thu, 4 May 2017 20:14:19 +0000</created>
                <updated>Tue, 11 Jun 2019 06:06:43 +0000</updated>
                                            <version>1.7.2</version>
                                                        <due></due>
                            <votes>0</votes>
                                    <watches>3</watches>
                                                                <comments>
                            <comment id="15999172" author="ctubbsii" created="Sat, 6 May 2017 00:06:02 +0000"  >&lt;p&gt;Any harm in changing this behavior in previous releases? (1.7.x, 1.8.x)&lt;/p&gt;</comment>
                            <comment id="15999181" author="elserj" created="Sat, 6 May 2017 00:19:44 +0000"  >&lt;blockquote&gt;&lt;p&gt;Any harm in changing this behavior in previous releases? (1.7.x, 1.8.x)&lt;/p&gt;&lt;/blockquote&gt;

&lt;p&gt;Not from me. I&apos;d +1 a fix on those branches.&lt;/p&gt;</comment>
                    </comments>
                    <attachments>
                    </attachments>
                <subtasks>
                    </subtasks>
                <customfields>
                                                                            <customfield id="customfield_12310310" key="com.atlassian.jira.toolkit:attachments">
                        <customfieldname>Attachment count</customfieldname>
                        <customfieldvalues>
                            <customfieldvalue>0.0</customfieldvalue>
                        </customfieldvalues>
                    </customfield>
                                                                                                                                                                                                                                                                                                                                                                                                                                                                                                                                                                                                                                                                                                        <customfield id="customfield_12310220" key="com.atlassian.jira.ext.charting:firstresponsedate">
                        <customfieldname>Date of First Response</customfieldname>
                        <customfieldvalues>
                            <customfieldvalue>Sat, 6 May 2017 00:06:02 +0000</customfieldvalue>

                        </customfieldvalues>
                    </customfield>
                                                                <customfield id="customfield_12314020" key="com.atlassian.jira.plugins.jira-development-integration-plugin:devsummary">
                        <customfieldname>Development</customfieldname>
                        <customfieldvalues>
                            
                        </customfieldvalues>
                    </customfield>
                                                                                                                        <customfield id="customfield_12313422" key="com.atlassian.jirafisheyeplugin:jobcheckbox">
                        <customfieldname>Enable Automatic Patch Review</customfieldname>
                        <customfieldvalues>
                            <customfieldvalue><![CDATA[false]]></customfieldvalue>

                        </customfieldvalues>
                    </customfield>
                                                                                                                                                                                                                                                                                                                                                                                                                                                                                                                                                                                                                                                <customfield id="customfield_12310420" key="com.pyxis.greenhopper.jira:gh-global-rank">
                        <customfieldname>Global Rank</customfieldname>
                        <customfieldvalues>
                            <customfieldvalue>9223372036854775807</customfieldvalue>
                        </customfieldvalues>
                    </customfield>
                                                                                                                                                                                                            <customfield id="customfield_12312521" key="com.atlassian.jira.toolkit:LastCommentDate">
                        <customfieldname>Last public comment date</customfieldname>
                        <customfieldvalues>
                            2 years, 41 weeks, 2 days ago
                        </customfieldvalues>
                    </customfield>
                                                                                                                                                                                                            <customfield id="customfield_12311820" key="com.pyxis.greenhopper.jira:gh-lexo-rank">
                        <customfieldname>Rank</customfieldname>
                        <customfieldvalues>
                            <customfieldvalue>0|i3eidj:</customfieldvalue>

                        </customfieldvalues>
                    </customfield>
                                                                <customfield id="customfield_12310920" key="com.pyxis.greenhopper.jira:gh-global-rank">
                        <customfieldname>Rank (Obsolete)</customfieldname>
                        <customfieldvalues>
                            <customfieldvalue>9223372036854775807</customfieldvalue>
                        </customfieldvalues>
                    </customfield>
                                                                                                                                                                                                                                                                                                                                                                                                                                                                                                                                                                                                                                                                                                                                    </customfields>
    </item>


<item>
            <title>[ACCUMULO-4634] MockIteratorEnvironment implementation broken in mock accumulo framework</title>
                <link>https://issues.apache.org/jira/browse/ACCUMULO-4634</link>
                <project id="12312121" key="ACCUMULO">Accumulo</project>
                    <description>&lt;p&gt;The MockIteratorEnvironment was broken when the additional sampling methods were added.  The isSamplingEnabled throws an unsupported operation exception instead of simply returning false.  Also the getSamplerConfiguration should return null and the cloneWithSamplingEnabled should throw a SampleNotPresentException instead an UnsupportedOperationException per the documentation in the IteratorEnvironment interface.  This will allow its use to work smoothly as before.  Granted this whole MockAccumulo mechanism is deprecated, however external projects still have dependencies on it and hence we should not have broken its implementation.&lt;/p&gt;</description>
                <environment></environment>
        <key id="13068914">ACCUMULO-4634</key>
            <summary>MockIteratorEnvironment implementation broken in mock accumulo framework</summary>
                <type id="1" iconUrl="https://issues.apache.org/jira/secure/viewavatar?size=xsmall&amp;avatarId=21133&amp;avatarType=issuetype">Bug</type>
                                            <priority id="3" iconUrl="https://issues.apache.org/jira/images/icons/priorities/major.svg">Major</priority>
                        <status id="5" iconUrl="https://issues.apache.org/jira/images/icons/statuses/resolved.png" description="A resolution has been taken, and it is awaiting verification by reporter. From here issues are either reopened, or are closed.">Resolved</status>
                    <statusCategory id="3" key="done" colorName="green"/>
                                    <resolution id="1">Fixed</resolution>
                                        <assignee username="ivan.bella">Ivan Bella</assignee>
                                    <reporter username="ivan.bella">Ivan Bella</reporter>
                        <labels>
                            <label>mock</label>
                    </labels>
                <created>Wed, 3 May 2017 20:32:46 +0000</created>
                <updated>Tue, 23 Apr 2019 16:12:53 +0000</updated>
                            <resolved>Mon, 15 May 2017 21:29:46 +0000</resolved>
                                    <version>1.8.0</version>
                                    <fixVersion>1.9.0</fixVersion>
                                    <component>core</component>
                        <due></due>
                            <votes>0</votes>
                                    <watches>3</watches>
                                    <timeoriginalestimate seconds="3600">1h</timeoriginalestimate>
                            <timeestimate seconds="0">0h</timeestimate>
                            <timespent seconds="7200">2h</timespent>
                                <comments>
                            <comment id="15997011" author="elserj" created="Thu, 4 May 2017 16:18:42 +0000"  >&lt;blockquote&gt;&lt;p&gt;Granted this whole MockAccumulo mechanism is deprecated&lt;/p&gt;&lt;/blockquote&gt;

&lt;p&gt;Did we just not remove it in 2.0 yet? That&apos;s surprising, people seem to love removing deprecated code asap &lt;img class=&quot;emoticon&quot; src=&quot;https://issues.apache.org/jira/images/icons/emoticons/smile.png&quot; height=&quot;16&quot; width=&quot;16&quot; align=&quot;absmiddle&quot; alt=&quot;&quot; border=&quot;0&quot;/&gt;&lt;/p&gt;</comment>
                            <comment id="15997520" author="ctubbsii" created="Thu, 4 May 2017 22:14:18 +0000"  >&lt;blockquote&gt;&lt;p&gt;Did we just not remove it in 2.0 yet? &lt;/p&gt;&lt;/blockquote&gt;

&lt;p&gt;No. I wanted to, but I think some tests have not yet been migrated from it. Either way, it&apos;s still in the 2.0 (master) dev branch and should be fixed.&lt;/p&gt;</comment>
                            <comment id="16011361" author="elserj" created="Mon, 15 May 2017 21:29:46 +0000"  >&lt;p&gt;Thanks for the patch, Ivan!&lt;/p&gt;</comment>
                    </comments>
                    <attachments>
                    </attachments>
                <subtasks>
                    </subtasks>
                <customfields>
                                                                            <customfield id="customfield_12310310" key="com.atlassian.jira.toolkit:attachments">
                        <customfieldname>Attachment count</customfieldname>
                        <customfieldvalues>
                            <customfieldvalue>0.0</customfieldvalue>
                        </customfieldvalues>
                    </customfield>
                                                                                                                                                                                                                                                                                                                                                                                                                                                                                                                                                                                                                                                                                                        <customfield id="customfield_12310220" key="com.atlassian.jira.ext.charting:firstresponsedate">
                        <customfieldname>Date of First Response</customfieldname>
                        <customfieldvalues>
                            <customfieldvalue>Thu, 4 May 2017 16:18:42 +0000</customfieldvalue>

                        </customfieldvalues>
                    </customfield>
                                                                <customfield id="customfield_12314020" key="com.atlassian.jira.plugins.jira-development-integration-plugin:devsummary">
                        <customfieldname>Development</customfieldname>
                        <customfieldvalues>
                            
                        </customfieldvalues>
                    </customfield>
                                                                                                                        <customfield id="customfield_12313422" key="com.atlassian.jirafisheyeplugin:jobcheckbox">
                        <customfieldname>Enable Automatic Patch Review</customfieldname>
                        <customfieldvalues>
                            <customfieldvalue><![CDATA[false]]></customfieldvalue>

                        </customfieldvalues>
                    </customfield>
                                                                                                                                                                                                                                                                                                                                                                                                                                                                                                                                                                                                                                                <customfield id="customfield_12310420" key="com.pyxis.greenhopper.jira:gh-global-rank">
                        <customfieldname>Global Rank</customfieldname>
                        <customfieldvalues>
                            <customfieldvalue>9223372036854775807</customfieldvalue>
                        </customfieldvalues>
                    </customfield>
                                                                                                                                                                                                            <customfield id="customfield_12312521" key="com.atlassian.jira.toolkit:LastCommentDate">
                        <customfieldname>Last public comment date</customfieldname>
                        <customfieldvalues>
                            2 years, 39 weeks, 6 days ago
                        </customfieldvalues>
                    </customfield>
                                                                                                                                                                                                            <customfield id="customfield_12311820" key="com.pyxis.greenhopper.jira:gh-lexo-rank">
                        <customfieldname>Rank</customfieldname>
                        <customfieldvalues>
                            <customfieldvalue>0|i3eg7r:</customfieldvalue>

                        </customfieldvalues>
                    </customfield>
                                                                <customfield id="customfield_12310920" key="com.pyxis.greenhopper.jira:gh-global-rank">
                        <customfieldname>Rank (Obsolete)</customfieldname>
                        <customfieldvalues>
                            <customfieldvalue>9223372036854775807</customfieldvalue>
                        </customfieldvalues>
                    </customfield>
                                                                                                                                                                                                                                                                                                                                                                                                                                                                                                                                                                                                                                                                            <customfield id="customfield_12310222" key="com.atlassian.jira.ext.charting:timeinstatus">
                        <customfieldname>Time in Status</customfieldname>
                        <customfieldvalues>
                            
                        </customfieldvalues>
                    </customfield>
                                                                                            </customfields>
    </item>
</channel>
</rss>