<!--
RSS generated by JIRA (8.3.4#803005-sha1:1f96e09b3c60279a408a2ae47be3c745f571388b) at Mon Feb 17 08:25:34 UTC 2020

It is possible to restrict the fields that are returned in this document by specifying the 'field' parameter in your request.
For example, to request only the issue key and summary append 'field=key&field=summary' to the URL of your request.
-->
<!-- If you wish to do custom client-side styling of RSS, uncomment this:
<?xml-stylesheet href="https://issues.apache.org/jira/styles/jiraxml2html.xsl" type="text/xsl"?>
-->
<rss version="0.92">
    <channel>
        <title>ASF JIRA</title>
        <link>https://issues.apache.org/jira/issues/?jql=project+%3D+ACCUMULO+AND+issuetype+%3D+Bug+AND+created+%3E%3D+2018-03-01+AND+created+%3C%3D+2018-04-01</link>
        <description>An XML representation of a search request</description>
                <language>en-uk</language>
                        <issue start="0" end="4" total="4"/>
                <build-info>
            <version>8.3.4</version>
            <build-number>803005</build-number>
            <build-date>13-09-2019</build-date>
        </build-info>

<item>
            <title>[ACCUMULO-4849] Hadoop2 Metrics do not retry sending if metrics server is down</title>
                <link>https://issues.apache.org/jira/browse/ACCUMULO-4849</link>
                <project id="12312121" key="ACCUMULO">Accumulo</project>
                    <description>&lt;div class=&quot;code panel&quot; style=&quot;border-width: 1px;&quot;&gt;&lt;div class=&quot;codeContent panelContent&quot;&gt;
&lt;pre class=&quot;code-java&quot;&gt;
2018-03-16 11:01:14,726 [impl.MetricsSystemImpl] WARN : Error creating sink &lt;span class=&quot;code-quote&quot;&gt;&apos;graphite&apos;&lt;/span&gt;
org.apache.hadoop.metrics2.impl.MetricsConfigException: Error creating plugin: org.apache.hadoop.metrics2.sink.GraphiteSink
at org.apache.hadoop.metrics2.impl.MetricsConfig.getPlugin(MetricsConfig.java:203)
at org.apache.hadoop.metrics2.impl.MetricsSystemImpl.newSink(MetricsSystemImpl.java:529)
at org.apache.hadoop.metrics2.impl.MetricsSystemImpl.configureSinks(MetricsSystemImpl.java:501)
at org.apache.hadoop.metrics2.impl.MetricsSystemImpl.configure(MetricsSystemImpl.java:480)
at org.apache.hadoop.metrics2.impl.MetricsSystemImpl.start(MetricsSystemImpl.java:189)
at org.apache.hadoop.metrics2.impl.MetricsSystemImpl.init(MetricsSystemImpl.java:164)
at org.apache.hadoop.metrics2.lib.DefaultMetricsSystem.init(DefaultMetricsSystem.java:54)
at org.apache.hadoop.metrics2.lib.DefaultMetricsSystem.initialize(DefaultMetricsSystem.java:50)
at org.apache.accumulo.server.metrics.MetricsSystemHelper$MetricsSystemHolder.&amp;lt;clinit&amp;gt;(MetricsSystemHelper.java:46)
at org.apache.accumulo.server.metrics.MetricsSystemHelper.getInstance(MetricsSystemHelper.java:50)
at org.apache.accumulo.tserver.metrics.TabletServerMetricsFactory.&amp;lt;init&amp;gt;(TabletServerMetricsFactory.java:45)
at org.apache.accumulo.tserver.TabletServer.&amp;lt;init&amp;gt;(TabletServer.java:401)
at org.apache.accumulo.tserver.TabletServer.main(TabletServer.java:3086)
at org.apache.accumulo.tserver.TServerExecutable.execute(TServerExecutable.java:43)
at org.apache.accumulo.start.Main.lambda$execKeyword$0(Main.java:122)
at java.lang.&lt;span class=&quot;code-object&quot;&gt;Thread&lt;/span&gt;.run(&lt;span class=&quot;code-object&quot;&gt;Thread&lt;/span&gt;.java:748)
Caused by: org.apache.hadoop.metrics2.MetricsException: Error creating connection, localhost:2004
at org.apache.hadoop.metrics2.sink.GraphiteSink$Graphite.connect(GraphiteSink.java:160)
at org.apache.hadoop.metrics2.sink.GraphiteSink.init(GraphiteSink.java:64)
at org.apache.hadoop.metrics2.impl.MetricsConfig.getPlugin(MetricsConfig.java:199)
... 15 more
Caused by: java.net.ConnectException: Connection refused (Connection refused)
at java.net.PlainSocketImpl.socketConnect(Native Method)
at java.net.AbstractPlainSocketImpl.doConnect(AbstractPlainSocketImpl.java:350)
at java.net.AbstractPlainSocketImpl.connectToAddress(AbstractPlainSocketImpl.java:206)
at java.net.AbstractPlainSocketImpl.connect(AbstractPlainSocketImpl.java:188)
at java.net.SocksSocketImpl.connect(SocksSocketImpl.java:392)
at java.net.Socket.connect(Socket.java:589)
at java.net.Socket.connect(Socket.java:538)
at java.net.Socket.&amp;lt;init&amp;gt;(Socket.java:434)
at java.net.Socket.&amp;lt;init&amp;gt;(Socket.java:211)
at org.apache.hadoop.metrics2.sink.GraphiteSink$Graphite.connect(GraphiteSink.java:152)
... 17 more
&lt;/pre&gt;
&lt;/div&gt;&lt;/div&gt;</description>
                <environment></environment>
        <key id="13145761">ACCUMULO-4849</key>
            <summary>Hadoop2 Metrics do not retry sending if metrics server is down</summary>
                <type id="1" iconUrl="https://issues.apache.org/jira/secure/viewavatar?size=xsmall&amp;avatarId=21133&amp;avatarType=issuetype">Bug</type>
                                            <priority id="3" iconUrl="https://issues.apache.org/jira/images/icons/priorities/major.svg">Major</priority>
                        <status id="5" iconUrl="https://issues.apache.org/jira/images/icons/statuses/resolved.png" description="A resolution has been taken, and it is awaiting verification by reporter. From here issues are either reopened, or are closed.">Resolved</status>
                    <statusCategory id="3" key="done" colorName="green"/>
                                    <resolution id="3">Duplicate</resolution>
                                        <assignee username="-1">Unassigned</assignee>
                                    <reporter username="mikewalch">Mike Walch</reporter>
                        <labels>
                    </labels>
                <created>Fri, 16 Mar 2018 15:37:57 +0000</created>
                <updated>Fri, 23 Mar 2018 21:44:08 +0000</updated>
                            <resolved>Fri, 23 Mar 2018 21:39:43 +0000</resolved>
                                    <version>2.0.0</version>
                                                        <due></due>
                            <votes>0</votes>
                                    <watches>2</watches>
                                                                <comments>
                            <comment id="16412126" author="mikewalch" created="Fri, 23 Mar 2018 21:39:43 +0000"  >&lt;p&gt;Moved &lt;a href=&quot;https://github.com/apache/accumulo/issues/407&quot; class=&quot;external-link&quot; rel=&quot;nofollow&quot;&gt;https://github.com/apache/accumulo/issues/407&lt;/a&gt;&lt;/p&gt;</comment>
                    </comments>
                    <attachments>
                    </attachments>
                <subtasks>
                    </subtasks>
                <customfields>
                                                                            <customfield id="customfield_12310310" key="com.atlassian.jira.toolkit:attachments">
                        <customfieldname>Attachment count</customfieldname>
                        <customfieldvalues>
                            <customfieldvalue>0.0</customfieldvalue>
                        </customfieldvalues>
                    </customfield>
                                                                                                                                                                                                                                                                                                                                                                                                                                                                                                                                                                                                                                                                                                                                    <customfield id="customfield_12314020" key="com.atlassian.jira.plugins.jira-development-integration-plugin:devsummary">
                        <customfieldname>Development</customfieldname>
                        <customfieldvalues>
                            
                        </customfieldvalues>
                    </customfield>
                                                                                                                        <customfield id="customfield_12313422" key="com.atlassian.jirafisheyeplugin:jobcheckbox">
                        <customfieldname>Enable Automatic Patch Review</customfieldname>
                        <customfieldvalues>
                            <customfieldvalue><![CDATA[false]]></customfieldvalue>

                        </customfieldvalues>
                    </customfield>
                                                                                                                                                                                                                                                                                                                                                                                                                                                                                                                                                                                                                                                <customfield id="customfield_12310420" key="com.pyxis.greenhopper.jira:gh-global-rank">
                        <customfieldname>Global Rank</customfieldname>
                        <customfieldvalues>
                            <customfieldvalue>9223372036854775807</customfieldvalue>
                        </customfieldvalues>
                    </customfield>
                                                                                                                                                                                                            <customfield id="customfield_12312521" key="com.atlassian.jira.toolkit:LastCommentDate">
                        <customfieldname>Last public comment date</customfieldname>
                        <customfieldvalues>
                            1 year, 47 weeks, 2 days ago
                        </customfieldvalues>
                    </customfield>
                                                                                                                                                                                                            <customfield id="customfield_12311820" key="com.pyxis.greenhopper.jira:gh-lexo-rank">
                        <customfieldname>Rank</customfieldname>
                        <customfieldvalues>
                            <customfieldvalue>0|i3retb:</customfieldvalue>

                        </customfieldvalues>
                    </customfield>
                                                                <customfield id="customfield_12310920" key="com.pyxis.greenhopper.jira:gh-global-rank">
                        <customfieldname>Rank (Obsolete)</customfieldname>
                        <customfieldvalues>
                            <customfieldvalue>9223372036854775807</customfieldvalue>
                        </customfieldvalues>
                    </customfield>
                                                                                                                                                                                                                                                                                                                                                                                                                                                                                                                                                                                                                                                                            <customfield id="customfield_12310222" key="com.atlassian.jira.ext.charting:timeinstatus">
                        <customfieldname>Time in Status</customfieldname>
                        <customfieldvalues>
                            
                        </customfieldvalues>
                    </customfield>
                                                                                            </customfields>
    </item>


<item>
            <title>[ACCUMULO-4848] New Connector API broke Testing repo </title>
                <link>https://issues.apache.org/jira/browse/ACCUMULO-4848</link>
                <project id="12312121" key="ACCUMULO">Accumulo</project>
                    <description>&lt;p&gt;Testing won&apos;t compile due to recent changes with the Connector API: &lt;a href=&quot;https://issues.apache.org/jira/browse/ACCUMULO-4784&quot; title=&quot;Create builder methods for Connector to simplify client API&quot; class=&quot;issue-link&quot; data-issue-key=&quot;ACCUMULO-4784&quot;&gt;&lt;del&gt;ACCUMULO-4784&lt;/del&gt;&lt;/a&gt;&lt;/p&gt;</description>
                <environment></environment>
        <key id="13145163">ACCUMULO-4848</key>
            <summary>New Connector API broke Testing repo </summary>
                <type id="1" iconUrl="https://issues.apache.org/jira/secure/viewavatar?size=xsmall&amp;avatarId=21133&amp;avatarType=issuetype">Bug</type>
                                            <priority id="3" iconUrl="https://issues.apache.org/jira/images/icons/priorities/major.svg">Major</priority>
                        <status id="5" iconUrl="https://issues.apache.org/jira/images/icons/statuses/resolved.png" description="A resolution has been taken, and it is awaiting verification by reporter. From here issues are either reopened, or are closed.">Resolved</status>
                    <statusCategory id="3" key="done" colorName="green"/>
                                    <resolution id="1">Fixed</resolution>
                                        <assignee username="milleruntime">Michael Miller</assignee>
                                    <reporter username="milleruntime">Michael Miller</reporter>
                        <labels>
                    </labels>
                <created>Wed, 14 Mar 2018 20:24:22 +0000</created>
                <updated>Tue, 8 Jan 2019 02:30:01 +0000</updated>
                            <resolved>Thu, 15 Mar 2018 23:22:42 +0000</resolved>
                                    <version>2.0.0</version>
                                    <fixVersion>2.0.0</fixVersion>
                                    <component>test</component>
                        <due></due>
                            <votes>0</votes>
                                    <watches>3</watches>
                                                                    <issuelinks>
                            <issuelinktype id="12310560">
                    <name>Problem/Incident</name>
                                                                <inwardlinks description="is caused by">
                                        <issuelink>
            <issuekey id="13131326">ACCUMULO-4784</issuekey>
        </issuelink>
                            </inwardlinks>
                                    </issuelinktype>
                    </issuelinks>
                <attachments>
                    </attachments>
                <subtasks>
                    </subtasks>
                <customfields>
                                                                            <customfield id="customfield_12310310" key="com.atlassian.jira.toolkit:attachments">
                        <customfieldname>Attachment count</customfieldname>
                        <customfieldvalues>
                            <customfieldvalue>0.0</customfieldvalue>
                        </customfieldvalues>
                    </customfield>
                                                                                                                                                                                                                                                                                                                                                                                                                                                                                                                                                                                                                                                                                                                                    <customfield id="customfield_12314020" key="com.atlassian.jira.plugins.jira-development-integration-plugin:devsummary">
                        <customfieldname>Development</customfieldname>
                        <customfieldvalues>
                            
                        </customfieldvalues>
                    </customfield>
                                                                                                                        <customfield id="customfield_12313422" key="com.atlassian.jirafisheyeplugin:jobcheckbox">
                        <customfieldname>Enable Automatic Patch Review</customfieldname>
                        <customfieldvalues>
                            <customfieldvalue><![CDATA[false]]></customfieldvalue>

                        </customfieldvalues>
                    </customfield>
                                                                                                                                                                                                                                                                                                                                                                                                                                                                                                                                                                                                                                                <customfield id="customfield_12310420" key="com.pyxis.greenhopper.jira:gh-global-rank">
                        <customfieldname>Global Rank</customfieldname>
                        <customfieldvalues>
                            <customfieldvalue>9223372036854775807</customfieldvalue>
                        </customfieldvalues>
                    </customfield>
                                                                                                                                                                                                            <customfield id="customfield_12312521" key="com.atlassian.jira.toolkit:LastCommentDate">
                        <customfieldname>Last public comment date</customfieldname>
                        <customfieldvalues>
                            1 year, 48 weeks, 4 days ago
                        </customfieldvalues>
                    </customfield>
                                                                                                                                                                                                            <customfield id="customfield_12311820" key="com.pyxis.greenhopper.jira:gh-lexo-rank">
                        <customfieldname>Rank</customfieldname>
                        <customfieldvalues>
                            <customfieldvalue>0|i3rb4f:</customfieldvalue>

                        </customfieldvalues>
                    </customfield>
                                                                <customfield id="customfield_12310920" key="com.pyxis.greenhopper.jira:gh-global-rank">
                        <customfieldname>Rank (Obsolete)</customfieldname>
                        <customfieldvalues>
                            <customfieldvalue>9223372036854775807</customfieldvalue>
                        </customfieldvalues>
                    </customfield>
                                                                                                                                                                                                                                                                                                                                                                                                                                                                                                                                                                                                                                                                            <customfield id="customfield_12310222" key="com.atlassian.jira.ext.charting:timeinstatus">
                        <customfieldname>Time in Status</customfieldname>
                        <customfieldvalues>
                            
                        </customfieldvalues>
                    </customfield>
                                                                                            </customfields>
    </item>


<item>
            <title>[ACCUMULO-4847] Fix Retry API</title>
                <link>https://issues.apache.org/jira/browse/ACCUMULO-4847</link>
                <project id="12312121" key="ACCUMULO">Accumulo</project>
                    <description>&lt;p&gt;&lt;a href=&quot;https://issues.apache.org/jira/browse/ACCUMULO-4834&quot; title=&quot;LocatorIT has no timeout and frequently hangs&quot; class=&quot;issue-link&quot; data-issue-key=&quot;ACCUMULO-4834&quot;&gt;&lt;del&gt;ACCUMULO-4834&lt;/del&gt;&lt;/a&gt; exposed a merge bug from &lt;a href=&quot;https://issues.apache.org/jira/browse/ACCUMULO-4777&quot; title=&quot;Root tablet got spammed with 1.8 million log entries&quot; class=&quot;issue-link&quot; data-issue-key=&quot;ACCUMULO-4777&quot;&gt;&lt;del&gt;ACCUMULO-4777&lt;/del&gt;&lt;/a&gt;. &lt;a href=&quot;https://issues.apache.org/jira/browse/ACCUMULO-4777&quot; title=&quot;Root tablet got spammed with 1.8 million log entries&quot; class=&quot;issue-link&quot; data-issue-key=&quot;ACCUMULO-4777&quot;&gt;&lt;del&gt;ACCUMULO-4777&lt;/del&gt;&lt;/a&gt; added a parameter to the two Retry constructors, but since all the parameters are longs, this masked what should have been a compile failure by causing calls to the longer constructor to now use the shorter one.&lt;/p&gt;

&lt;p&gt;The side effect is that any calls with &quot;unlimited number of retries&quot;, would now be interpreted as &quot;unlimited wait time between retries&quot;... causing the first failure to sleep for Long.MAX_LONG millis before retrying.&lt;/p&gt;

&lt;p&gt;I propose a refactor with a builder so the parameters cannot be confused for one another, since they all have the same long type. This is internal code, so there is no public API change.&lt;/p&gt;</description>
                <environment></environment>
        <key id="13145096">ACCUMULO-4847</key>
            <summary>Fix Retry API</summary>
                <type id="1" iconUrl="https://issues.apache.org/jira/secure/viewavatar?size=xsmall&amp;avatarId=21133&amp;avatarType=issuetype">Bug</type>
                                            <priority id="1" iconUrl="https://issues.apache.org/jira/images/icons/priorities/blocker.svg">Blocker</priority>
                        <status id="5" iconUrl="https://issues.apache.org/jira/images/icons/statuses/resolved.png" description="A resolution has been taken, and it is awaiting verification by reporter. From here issues are either reopened, or are closed.">Resolved</status>
                    <statusCategory id="3" key="done" colorName="green"/>
                                    <resolution id="1">Fixed</resolution>
                                        <assignee username="ctubbsii">Christopher Tubbs</assignee>
                                    <reporter username="ctubbsii">Christopher Tubbs</reporter>
                        <labels>
                            <label>pull-request-available</label>
                    </labels>
                <created>Wed, 14 Mar 2018 17:02:47 +0000</created>
                <updated>Tue, 23 Apr 2019 16:13:16 +0000</updated>
                            <resolved>Wed, 14 Mar 2018 20:46:09 +0000</resolved>
                                                    <fixVersion>1.7.4</fixVersion>
                    <fixVersion>1.9.0</fixVersion>
                                    <component>fate</component>
                        <due></due>
                            <votes>0</votes>
                                    <watches>2</watches>
                                            <timeestimate seconds="0">0h</timeestimate>
                            <timespent seconds="11400">3h 10m</timespent>
                                    <issuelinks>
                            <issuelinktype id="12310560">
                    <name>Problem/Incident</name>
                                                                <inwardlinks description="is caused by">
                                        <issuelink>
            <issuekey id="13128850">ACCUMULO-4777</issuekey>
        </issuelink>
                            </inwardlinks>
                                    </issuelinktype>
                            <issuelinktype id="10030">
                    <name>Reference</name>
                                            <outwardlinks description="relates to">
                                        <issuelink>
            <issuekey id="13141430">ACCUMULO-4834</issuekey>
        </issuelink>
                            </outwardlinks>
                                                        </issuelinktype>
                    </issuelinks>
                <attachments>
                    </attachments>
                <subtasks>
                    </subtasks>
                <customfields>
                                                                            <customfield id="customfield_12310310" key="com.atlassian.jira.toolkit:attachments">
                        <customfieldname>Attachment count</customfieldname>
                        <customfieldvalues>
                            <customfieldvalue>0.0</customfieldvalue>
                        </customfieldvalues>
                    </customfield>
                                                                                                                                                                                                                                                                                                                                                                                                                                                                                                                                                                                                                                                                                                                                    <customfield id="customfield_12314020" key="com.atlassian.jira.plugins.jira-development-integration-plugin:devsummary">
                        <customfieldname>Development</customfieldname>
                        <customfieldvalues>
                            
                        </customfieldvalues>
                    </customfield>
                                                                                                                        <customfield id="customfield_12313422" key="com.atlassian.jirafisheyeplugin:jobcheckbox">
                        <customfieldname>Enable Automatic Patch Review</customfieldname>
                        <customfieldvalues>
                            <customfieldvalue><![CDATA[false]]></customfieldvalue>

                        </customfieldvalues>
                    </customfield>
                                                                                                                                                                                                                                                                                                                                                                                                                                                                                                                                                                                                                                                <customfield id="customfield_12310420" key="com.pyxis.greenhopper.jira:gh-global-rank">
                        <customfieldname>Global Rank</customfieldname>
                        <customfieldvalues>
                            <customfieldvalue>9223372036854775807</customfieldvalue>
                        </customfieldvalues>
                    </customfield>
                                                                                                                                                                                                            <customfield id="customfield_12312521" key="com.atlassian.jira.toolkit:LastCommentDate">
                        <customfieldname>Last public comment date</customfieldname>
                        <customfieldvalues>
                            1 year, 48 weeks, 4 days ago
                        </customfieldvalues>
                    </customfield>
                                                                                                                                                                                                            <customfield id="customfield_12311820" key="com.pyxis.greenhopper.jira:gh-lexo-rank">
                        <customfieldname>Rank</customfieldname>
                        <customfieldvalues>
                            <customfieldvalue>0|i3rapr:</customfieldvalue>

                        </customfieldvalues>
                    </customfield>
                                                                <customfield id="customfield_12310920" key="com.pyxis.greenhopper.jira:gh-global-rank">
                        <customfieldname>Rank (Obsolete)</customfieldname>
                        <customfieldvalues>
                            <customfieldvalue>9223372036854775807</customfieldvalue>
                        </customfieldvalues>
                    </customfield>
                                                                                                                                                                                                                                                                                                                                                                                                                                                                                                                                                                                                                                                                            <customfield id="customfield_12310222" key="com.atlassian.jira.ext.charting:timeinstatus">
                        <customfieldname>Time in Status</customfieldname>
                        <customfieldvalues>
                            
                        </customfieldvalues>
                    </customfield>
                                                                                            </customfields>
    </item>


<item>
            <title>[ACCUMULO-4836] Tables do not always wait for online or offline</title>
                <link>https://issues.apache.org/jira/browse/ACCUMULO-4836</link>
                <project id="12312121" key="ACCUMULO">Accumulo</project>
                    <description>&lt;p&gt;While investigating why TabletStateChangeIteratorIT it was discovered that online table with wait=true does not always wait.&#160; The test relied on this API to wait and that is why it was failing.&lt;/p&gt;</description>
                <environment></environment>
        <key id="13141817">ACCUMULO-4836</key>
            <summary>Tables do not always wait for online or offline</summary>
                <type id="1" iconUrl="https://issues.apache.org/jira/secure/viewavatar?size=xsmall&amp;avatarId=21133&amp;avatarType=issuetype">Bug</type>
                                            <priority id="3" iconUrl="https://issues.apache.org/jira/images/icons/priorities/major.svg">Major</priority>
                        <status id="5" iconUrl="https://issues.apache.org/jira/images/icons/statuses/resolved.png" description="A resolution has been taken, and it is awaiting verification by reporter. From here issues are either reopened, or are closed.">Resolved</status>
                    <statusCategory id="3" key="done" colorName="green"/>
                                    <resolution id="1">Fixed</resolution>
                                        <assignee username="kturner">Keith Turner</assignee>
                                    <reporter username="kturner">Keith Turner</reporter>
                        <labels>
                            <label>pull-request-available</label>
                    </labels>
                <created>Thu, 1 Mar 2018 14:59:21 +0000</created>
                <updated>Tue, 23 Apr 2019 16:13:09 +0000</updated>
                            <resolved>Mon, 19 Mar 2018 18:56:29 +0000</resolved>
                                    <version>1.7.3</version>
                                    <fixVersion>1.7.4</fixVersion>
                    <fixVersion>1.9.0</fixVersion>
                                        <due></due>
                            <votes>0</votes>
                                    <watches>4</watches>
                                            <timeestimate seconds="0">0h</timeestimate>
                            <timespent seconds="6000">1h 40m</timespent>
                                <comments>
                            <comment id="16383086" author="etcoleman" created="Fri, 2 Mar 2018 03:13:13 +0000"  >&lt;p&gt;I am unclear on the proposed fix - actually I&apos;m unclear on the problem - not saying this is incorrect, I just don&apos;t understand the logic being proposed.&lt;/p&gt;

&lt;p&gt;If the table is online - what is there to wait for? Should it not be that if the expected state is not online, then check wait...&lt;/p&gt;

&lt;p&gt;if(expectedState == TableStae.ONLINE)&lt;/p&gt;
{

&#160; return;

}

&lt;p&gt;if(wait)&lt;/p&gt;
{

&#160; waitForTableStateTransisition(tableId, TableState.ONLINE);

&#160; return;

}</comment>
                    </comments>
                <issuelinks>
                            <issuelinktype id="12310560">
                    <name>Problem/Incident</name>
                                                                <inwardlinks description="is caused by">
                                        <issuelink>
            <issuekey id="13036897">ACCUMULO-4574</issuekey>
        </issuelink>
                            </inwardlinks>
                                    </issuelinktype>
                    </issuelinks>
                <attachments>
                    </attachments>
                <subtasks>
                    </subtasks>
                <customfields>
                                                                            <customfield id="customfield_12310310" key="com.atlassian.jira.toolkit:attachments">
                        <customfieldname>Attachment count</customfieldname>
                        <customfieldvalues>
                            <customfieldvalue>0.0</customfieldvalue>
                        </customfieldvalues>
                    </customfield>
                                                                                                                                                                                                                                                                                                                                                                                                                                                                                                                                                                                                                                                                                                        <customfield id="customfield_12310220" key="com.atlassian.jira.ext.charting:firstresponsedate">
                        <customfieldname>Date of First Response</customfieldname>
                        <customfieldvalues>
                            <customfieldvalue>Fri, 2 Mar 2018 03:13:13 +0000</customfieldvalue>

                        </customfieldvalues>
                    </customfield>
                                                                <customfield id="customfield_12314020" key="com.atlassian.jira.plugins.jira-development-integration-plugin:devsummary">
                        <customfieldname>Development</customfieldname>
                        <customfieldvalues>
                            
                        </customfieldvalues>
                    </customfield>
                                                                                                                        <customfield id="customfield_12313422" key="com.atlassian.jirafisheyeplugin:jobcheckbox">
                        <customfieldname>Enable Automatic Patch Review</customfieldname>
                        <customfieldvalues>
                            <customfieldvalue><![CDATA[false]]></customfieldvalue>

                        </customfieldvalues>
                    </customfield>
                                                                                                                                                                                                                                                                                                                                                                                                                                                                                                                                                                                                                                                <customfield id="customfield_12310420" key="com.pyxis.greenhopper.jira:gh-global-rank">
                        <customfieldname>Global Rank</customfieldname>
                        <customfieldvalues>
                            <customfieldvalue>9223372036854775807</customfieldvalue>
                        </customfieldvalues>
                    </customfield>
                                                                                                                                                                                                            <customfield id="customfield_12312521" key="com.atlassian.jira.toolkit:LastCommentDate">
                        <customfieldname>Last public comment date</customfieldname>
                        <customfieldvalues>
                            1 year, 50 weeks, 3 days ago
                        </customfieldvalues>
                    </customfield>
                                                                                                                                                                                                            <customfield id="customfield_12311820" key="com.pyxis.greenhopper.jira:gh-lexo-rank">
                        <customfieldname>Rank</customfieldname>
                        <customfieldvalues>
                            <customfieldvalue>0|i3qqxb:</customfieldvalue>

                        </customfieldvalues>
                    </customfield>
                                                                <customfield id="customfield_12310920" key="com.pyxis.greenhopper.jira:gh-global-rank">
                        <customfieldname>Rank (Obsolete)</customfieldname>
                        <customfieldvalues>
                            <customfieldvalue>9223372036854775807</customfieldvalue>
                        </customfieldvalues>
                    </customfield>
                                                                                                                                                                                                                                                                                                                                                                                                                                                                                                                                                                                                                                                                            <customfield id="customfield_12310222" key="com.atlassian.jira.ext.charting:timeinstatus">
                        <customfieldname>Time in Status</customfieldname>
                        <customfieldvalues>
                            
                        </customfieldvalues>
                    </customfield>
                                                                                            </customfields>
    </item>
</channel>
</rss>