<!--
RSS generated by JIRA (8.3.4#803005-sha1:1f96e09b3c60279a408a2ae47be3c745f571388b) at Mon Feb 17 08:25:52 UTC 2020

It is possible to restrict the fields that are returned in this document by specifying the 'field' parameter in your request.
For example, to request only the issue key and summary append 'field=key&field=summary' to the URL of your request.
-->
<!-- If you wish to do custom client-side styling of RSS, uncomment this:
<?xml-stylesheet href="https://issues.apache.org/jira/styles/jiraxml2html.xsl" type="text/xsl"?>
-->
<rss version="0.92">
    <channel>
        <title>ASF JIRA</title>
        <link>https://issues.apache.org/jira/issues/?jql=project+%3D+ACCUMULO+AND+issuetype+%3D+Bug+AND+created+%3E%3D+2018-12-01+AND+created+%3C%3D+2019-01-01</link>
        <description>An XML representation of a search request</description>
                <language>en-uk</language>
                        <issue start="0" end="2" total="2"/>
                <build-info>
            <version>8.3.4</version>
            <build-number>803005</build-number>
            <build-date>13-09-2019</build-date>
        </build-info>

<item>
            <title>[ACCUMULO-4860] Fast failure of permissions check doesn&apos;t consider namespaces</title>
                <link>https://issues.apache.org/jira/browse/ACCUMULO-4860</link>
                <project id="12312121" key="ACCUMULO">Accumulo</project>
                    <description>&lt;p&gt;Per:&lt;/p&gt;

&lt;p&gt;&lt;a href=&quot;http://apache-accumulo.1065345.n5.nabble.com/Namespace-vs-table-permissions-td22948.html#a22949&quot; class=&quot;external-link&quot; rel=&quot;nofollow&quot;&gt;http://apache-accumulo.1065345.n5.nabble.com/Namespace-vs-table-permissions-td22948.html#a22949&lt;/a&gt;&lt;/p&gt;

&lt;p&gt;The check is only for Table.READ, so unless the client has been given explicit permission to read that table, the check fails. Apparently Namespace.READ should allow all tables in that namespace to be read too.&#160;&lt;/p&gt;</description>
                <environment></environment>
        <key id="13204755">ACCUMULO-4860</key>
            <summary>Fast failure of permissions check doesn&apos;t consider namespaces</summary>
                <type id="1" iconUrl="https://issues.apache.org/jira/secure/viewavatar?size=xsmall&amp;avatarId=21133&amp;avatarType=issuetype">Bug</type>
                                            <priority id="3" iconUrl="https://issues.apache.org/jira/images/icons/priorities/major.svg">Major</priority>
                        <status id="5" iconUrl="https://issues.apache.org/jira/images/icons/statuses/resolved.png" description="A resolution has been taken, and it is awaiting verification by reporter. From here issues are either reopened, or are closed.">Resolved</status>
                    <statusCategory id="3" key="done" colorName="green"/>
                                    <resolution id="6">Invalid</resolution>
                                        <assignee username="-1">Unassigned</assignee>
                                    <reporter username="jrs53">James Srinivasan</reporter>
                        <labels>
                    </labels>
                <created>Sun, 16 Dec 2018 20:59:34 +0000</created>
                <updated>Mon, 17 Dec 2018 20:22:54 +0000</updated>
                            <resolved>Mon, 17 Dec 2018 20:22:54 +0000</resolved>
                                                                    <component>mapreduce</component>
                        <due></due>
                            <votes>0</votes>
                                    <watches>2</watches>
                                                                <comments>
                            <comment id="16723343" author="ctubbsii" created="Mon, 17 Dec 2018 20:22:41 +0000"  >&lt;p&gt;Hi &lt;a href=&quot;https://issues.apache.org/jira/secure/ViewProfile.jspa?name=jrs53&quot; class=&quot;user-hover&quot; rel=&quot;jrs53&quot;&gt;James Srinivasan&lt;/a&gt;. Thanks for the bug report. We no longer use JIRA to track issues. Please file a bug at &lt;a href=&quot;https://github.com/apache/accumulo/issues&quot; class=&quot;external-link&quot; rel=&quot;nofollow&quot;&gt;https://github.com/apache/accumulo/issues&lt;/a&gt; instead.&lt;/p&gt;</comment>
                    </comments>
                    <attachments>
                    </attachments>
                <subtasks>
                    </subtasks>
                <customfields>
                                                                            <customfield id="customfield_12310310" key="com.atlassian.jira.toolkit:attachments">
                        <customfieldname>Attachment count</customfieldname>
                        <customfieldvalues>
                            <customfieldvalue>0.0</customfieldvalue>
                        </customfieldvalues>
                    </customfield>
                                                                                                                                                                                                                                                                                                                                                                                                                                                                                                                                                                                                                                                                                                        <customfield id="customfield_12310220" key="com.atlassian.jira.ext.charting:firstresponsedate">
                        <customfieldname>Date of First Response</customfieldname>
                        <customfieldvalues>
                            <customfieldvalue>Mon, 17 Dec 2018 20:22:41 +0000</customfieldvalue>

                        </customfieldvalues>
                    </customfield>
                                                                <customfield id="customfield_12314020" key="com.atlassian.jira.plugins.jira-development-integration-plugin:devsummary">
                        <customfieldname>Development</customfieldname>
                        <customfieldvalues>
                            
                        </customfieldvalues>
                    </customfield>
                                                                                                                        <customfield id="customfield_12313422" key="com.atlassian.jirafisheyeplugin:jobcheckbox">
                        <customfieldname>Enable Automatic Patch Review</customfieldname>
                        <customfieldvalues>
                            <customfieldvalue><![CDATA[false]]></customfieldvalue>

                        </customfieldvalues>
                    </customfield>
                                                                                                                                                                                                                                                                                                                                                                                                                                                                                                                                                                                                                                                <customfield id="customfield_12310420" key="com.pyxis.greenhopper.jira:gh-global-rank">
                        <customfieldname>Global Rank</customfieldname>
                        <customfieldvalues>
                            <customfieldvalue>9223372036854775807</customfieldvalue>
                        </customfieldvalues>
                    </customfield>
                                                                                                                                                                                                            <customfield id="customfield_12312521" key="com.atlassian.jira.toolkit:LastCommentDate">
                        <customfieldname>Last public comment date</customfieldname>
                        <customfieldvalues>
                            1 year, 8 weeks, 6 days ago
                        </customfieldvalues>
                    </customfield>
                                                                                                                                                                                                            <customfield id="customfield_12311820" key="com.pyxis.greenhopper.jira:gh-lexo-rank">
                        <customfieldname>Rank</customfieldname>
                        <customfieldvalues>
                            <customfieldvalue>0|u000xc:</customfieldvalue>

                        </customfieldvalues>
                    </customfield>
                                                                <customfield id="customfield_12310920" key="com.pyxis.greenhopper.jira:gh-global-rank">
                        <customfieldname>Rank (Obsolete)</customfieldname>
                        <customfieldvalues>
                            <customfieldvalue>9223372036854775807</customfieldvalue>
                        </customfieldvalues>
                    </customfield>
                                                                                                                                                                                                                                                                                                                                                                                                                                                                                                                                                                                                                                                                            <customfield id="customfield_12310222" key="com.atlassian.jira.ext.charting:timeinstatus">
                        <customfieldname>Time in Status</customfieldname>
                        <customfieldvalues>
                            
                        </customfieldvalues>
                    </customfield>
                                                                                            </customfields>
    </item>


<item>
            <title>[ACCUMULO-4859] testing on asf jenkins servers are leaving tasks around</title>
                <link>https://issues.apache.org/jira/browse/ACCUMULO-4859</link>
                <project id="12312121" key="ACCUMULO">Accumulo</project>
                    <description>&lt;p&gt;Ran across several accumulo processes this while trying to figure out why other builds are faililing.  Here&apos;s a small sample:&lt;/p&gt;

&lt;div class=&quot;code panel&quot; style=&quot;border-width: 1px;&quot;&gt;&lt;div class=&quot;codeContent panelContent&quot;&gt;
&lt;pre class=&quot;code-java&quot;&gt;
jenkins  13120     1  0 Oct24 ?        03:14:20 /usr/local/asfpackages/java/jdk1.8.0_172/jre/bin/java -Dproc=TabletServer -cp /home/jenkins/jenkins-slave/workspace/Accumulo-Pull-Requests/test/target/mini-tests/org.apache.accumulo.harness.SharedMiniClusterBase_1540417403757_16838/conf:/home/jenkins/jenkins-slave/workspace/Accumulo-Pull-Requests/test/target/surefire/surefirebooter1497791870767098754.jar -Xmx134217728 -XX:+UseConcMarkSweepGC -XX:CMSInitiatingOccupancyFraction=75 -Dapple.awt.UIElement=&lt;span class=&quot;code-keyword&quot;&gt;true&lt;/span&gt; -Djava.net.preferIPv4Stack=&lt;span class=&quot;code-keyword&quot;&gt;true&lt;/span&gt; -XX:+PerfDisableSharedMem -XX:+AlwaysPreTouch org.apache.accumulo.start.Main org.apache.accumulo.tserver.TabletServer
jenkins  13840     1  0 Oct24 ?        04:40:34 /usr/local/asfpackages/java/jdk1.8.0_172/jre/bin/java -Dproc=Master -cp /home/jenkins/jenkins-slave/workspace/Accumulo-Pull-Requests/test/target/mini-tests/org.apache.accumulo.harness.SharedMiniClusterBase_1540417403757_16838/conf:/home/jenkins/jenkins-slave/workspace/Accumulo-Pull-Requests/test/target/surefire/surefirebooter1497791870767098754.jar -Xmx134217728 -XX:+UseConcMarkSweepGC -XX:CMSInitiatingOccupancyFraction=75 -Dapple.awt.UIElement=&lt;span class=&quot;code-keyword&quot;&gt;true&lt;/span&gt; -Djava.net.preferIPv4Stack=&lt;span class=&quot;code-keyword&quot;&gt;true&lt;/span&gt; -XX:+PerfDisableSharedMem -XX:+AlwaysPreTouch org.apache.accumulo.start.Main org.apache.accumulo.master.Master
jenkins  13863     1  0 Oct24 ?        02:22:33 /usr/local/asfpackages/java/jdk1.8.0_172/jre/bin/java -Dproc=SimpleGarbageCollector -cp /home/jenkins/jenkins-slave/workspace/Accumulo-Pull-Requests/test/target/mini-tests/org.apache.accumulo.harness.SharedMiniClusterBase_1540417403757_16838/conf:/home/jenkins/jenkins-slave/workspace/Accumulo-Pull-Requests/test/target/surefire/surefirebooter1497791870767098754.jar -Xmx134217728 -XX:+UseConcMarkSweepGC -XX:CMSInitiatingOccupancyFraction=75 -Dapple.awt.UIElement=&lt;span class=&quot;code-keyword&quot;&gt;true&lt;/span&gt; -Djava.net.preferIPv4Stack=&lt;span class=&quot;code-keyword&quot;&gt;true&lt;/span&gt; -XX:+PerfDisableSharedMem -XX:+AlwaysPreTouch org.apache.accumulo.start.Main org.apache.accumulo.gc.SimpleGarbageCollector
jenkins  24363     1  0 Oct30 ?        01:11:28 /usr/local/asfpackages/java/jdk1.8.0_172/jre/bin/java -Dproc=ZooKeeperServerMain -cp /home/jenkins/jenkins-slave/workspace/Accumulo-Pull-Requests/minicluster/target/mini-tests/org.apache.accumulo.minicluster.impl.MiniAccumuloClusterImplTest/conf:/home/jenkins/jenkins-slave/workspace/Accumulo-Pull-Requests/minicluster/target/surefire/surefirebooter6165673893648893878.jar -Xmx134217728 -Xdebug -Xrunjdwp:transport=dt_socket,server=y,suspend=n,address=38078 -XX:+UseConcMarkSweepGC -XX:CMSInitiatingOccupancyFraction=75 -Dapple.awt.UIElement=&lt;span class=&quot;code-keyword&quot;&gt;true&lt;/span&gt; -Djava.net.preferIPv4Stack=&lt;span class=&quot;code-keyword&quot;&gt;true&lt;/span&gt; -XX:+PerfDisableSharedMem -XX:+AlwaysPreTouch org.apache.accumulo.start.Main org.apache.zookeeper.server.ZooKeeperServerMain /home/jenkins/jenkins-slave/workspace/Accumulo-Pull-Requests/minicluster/target/mini-tests/org.apache.accumulo.minicluster.impl.MiniAccumuloClusterImplTest/conf/zoo.cfg
&lt;/pre&gt;
&lt;/div&gt;&lt;/div&gt;</description>
                <environment></environment>
        <key id="13204752">ACCUMULO-4859</key>
            <summary>testing on asf jenkins servers are leaving tasks around</summary>
                <type id="1" iconUrl="https://issues.apache.org/jira/secure/viewavatar?size=xsmall&amp;avatarId=21133&amp;avatarType=issuetype">Bug</type>
                                            <priority id="3" iconUrl="https://issues.apache.org/jira/images/icons/priorities/major.svg">Major</priority>
                        <status id="5" iconUrl="https://issues.apache.org/jira/images/icons/statuses/resolved.png" description="A resolution has been taken, and it is awaiting verification by reporter. From here issues are either reopened, or are closed.">Resolved</status>
                    <statusCategory id="3" key="done" colorName="green"/>
                                    <resolution id="6">Invalid</resolution>
                                        <assignee username="-1">Unassigned</assignee>
                                    <reporter username="aw">Allen Wittenauer</reporter>
                        <labels>
                    </labels>
                <created>Sun, 16 Dec 2018 20:30:18 +0000</created>
                <updated>Mon, 17 Dec 2018 20:21:16 +0000</updated>
                            <resolved>Mon, 17 Dec 2018 20:21:16 +0000</resolved>
                                                                        <due></due>
                            <votes>0</votes>
                                    <watches>2</watches>
                                                                <comments>
                            <comment id="16723338" author="ctubbsii" created="Mon, 17 Dec 2018 20:19:57 +0000"  >&lt;p&gt;&lt;a href=&quot;https://issues.apache.org/jira/secure/ViewProfile.jspa?name=aw&quot; class=&quot;user-hover&quot; rel=&quot;aw&quot;&gt;Allen Wittenauer&lt;/a&gt;, we&apos;ve seen that too, but are not sure why it&apos;s happening or how to address it. It could be a problem with Jenkins itself being unable to clean up failed tests. It&apos;s also possibly the effect of another failure. I&apos;m closing this issue, since:&lt;/p&gt;

&lt;p&gt;1.&#160;Accumulo no longer uses Jira to&#160;track issues, and instead uses GitHub for issue tracking  (&lt;a href=&quot;https://github.com/apache/accumulo/issues&quot; class=&quot;external-link&quot; rel=&quot;nofollow&quot;&gt;https://github.com/apache/accumulo/issues&lt;/a&gt;),&lt;br/&gt;
2. There&apos;s no clear actionable resolution to this bug report that we can take, and&lt;br/&gt;
3. This is probably best discussed on the mailing list dev@accumulo.apache.org rather than on an issue tracker, since it&apos;s not clear what&apos;s going on.&lt;/p&gt;

&lt;p&gt;Please raise this issue on the referenced mailing list if this continues to be a problem.&lt;/p&gt;</comment>
                    </comments>
                    <attachments>
                    </attachments>
                <subtasks>
                    </subtasks>
                <customfields>
                                                                            <customfield id="customfield_12310310" key="com.atlassian.jira.toolkit:attachments">
                        <customfieldname>Attachment count</customfieldname>
                        <customfieldvalues>
                            <customfieldvalue>0.0</customfieldvalue>
                        </customfieldvalues>
                    </customfield>
                                                                                                                                                                                                                                                                                                                                                                                                                                                                                                                                                                                                                                                                                                        <customfield id="customfield_12310220" key="com.atlassian.jira.ext.charting:firstresponsedate">
                        <customfieldname>Date of First Response</customfieldname>
                        <customfieldvalues>
                            <customfieldvalue>Mon, 17 Dec 2018 20:19:57 +0000</customfieldvalue>

                        </customfieldvalues>
                    </customfield>
                                                                <customfield id="customfield_12314020" key="com.atlassian.jira.plugins.jira-development-integration-plugin:devsummary">
                        <customfieldname>Development</customfieldname>
                        <customfieldvalues>
                            
                        </customfieldvalues>
                    </customfield>
                                                                                                                        <customfield id="customfield_12313422" key="com.atlassian.jirafisheyeplugin:jobcheckbox">
                        <customfieldname>Enable Automatic Patch Review</customfieldname>
                        <customfieldvalues>
                            <customfieldvalue><![CDATA[false]]></customfieldvalue>

                        </customfieldvalues>
                    </customfield>
                                                                                                                                                                                                                                                                                                                                                                                                                                                                                                                                                                                                                                                <customfield id="customfield_12310420" key="com.pyxis.greenhopper.jira:gh-global-rank">
                        <customfieldname>Global Rank</customfieldname>
                        <customfieldvalues>
                            <customfieldvalue>9223372036854775807</customfieldvalue>
                        </customfieldvalues>
                    </customfield>
                                                                                                                                                                                                            <customfield id="customfield_12312521" key="com.atlassian.jira.toolkit:LastCommentDate">
                        <customfieldname>Last public comment date</customfieldname>
                        <customfieldvalues>
                            1 year, 8 weeks, 6 days ago
                        </customfieldvalues>
                    </customfield>
                                                                                                                                                                                                            <customfield id="customfield_12311820" key="com.pyxis.greenhopper.jira:gh-lexo-rank">
                        <customfieldname>Rank</customfieldname>
                        <customfieldvalues>
                            <customfieldvalue>0|u000wo:</customfieldvalue>

                        </customfieldvalues>
                    </customfield>
                                                                <customfield id="customfield_12310920" key="com.pyxis.greenhopper.jira:gh-global-rank">
                        <customfieldname>Rank (Obsolete)</customfieldname>
                        <customfieldvalues>
                            <customfieldvalue>9223372036854775807</customfieldvalue>
                        </customfieldvalues>
                    </customfield>
                                                                                                                                                                                                                                                                                                                                                                                                                                                                                                                                                                                                                                                                            <customfield id="customfield_12310222" key="com.atlassian.jira.ext.charting:timeinstatus">
                        <customfieldname>Time in Status</customfieldname>
                        <customfieldvalues>
                            
                        </customfieldvalues>
                    </customfield>
                                                                                            </customfields>
    </item>
</channel>
</rss>