<!--
RSS generated by JIRA (8.3.4#803005-sha1:1f96e09b3c60279a408a2ae47be3c745f571388b) at Mon Feb 17 08:23:42 UTC 2020

It is possible to restrict the fields that are returned in this document by specifying the 'field' parameter in your request.
For example, to request only the issue key and summary append 'field=key&field=summary' to the URL of your request.
-->
<!-- If you wish to do custom client-side styling of RSS, uncomment this:
<?xml-stylesheet href="https://issues.apache.org/jira/styles/jiraxml2html.xsl" type="text/xsl"?>
-->
<rss version="0.92">
    <channel>
        <title>ASF JIRA</title>
        <link>https://issues.apache.org/jira/issues/?jql=project+%3D+ACCUMULO+AND+issuetype+%3D+Bug+AND+created+%3E%3D+2017-04-01+AND+created+%3C%3D+2017-05-01</link>
        <description>An XML representation of a search request</description>
                <language>en-uk</language>
                        <issue start="0" end="5" total="5"/>
                <build-info>
            <version>8.3.4</version>
            <build-number>803005</build-number>
            <build-date>13-09-2019</build-date>
        </build-info>

<item>
            <title>[ACCUMULO-4633] ArithmeticException on TabletServerBatchWriter#logStats</title>
                <link>https://issues.apache.org/jira/browse/ACCUMULO-4633</link>
                <project id="12312121" key="ACCUMULO">Accumulo</project>
                    <description>&lt;p&gt;Getting the below divide by zero error.  It is related to replication, but I imagine it could occur at any stage.&lt;/p&gt;

&lt;div class=&quot;code panel&quot; style=&quot;border-width: 1px;&quot;&gt;&lt;div class=&quot;codeContent panelContent&quot;&gt;
&lt;pre class=&quot;code-java&quot;&gt;Error trying to close write-ahead logs &lt;span class=&quot;code-keyword&quot;&gt;for&lt;/span&gt; replication table
	java.lang.ArithmeticException: / by zero
		at org.apache.accumulo.core.client.impl.TabletServerBatchWriter.logStats(TabletServerBatchWriter.java:418)
		at org.apache.accumulo.core.client.impl.TabletServerBatchWriter.close(TabletServerBatchWriter.java:369)
		at org.apache.accumulo.core.client.impl.BatchWriterImpl.close(BatchWriterImpl.java:54)
		at org.apache.accumulo.gc.replication.CloseWriteAheadLogReferences.updateReplicationEntries(CloseWriteAheadLogReferences.java:271)
		at org.apache.accumulo.gc.replication.CloseWriteAheadLogReferences.run(CloseWriteAheadLogReferences.java:154)
		at org.apache.accumulo.gc.SimpleGarbageCollector.run(SimpleGarbageCollector.java:569)
		at org.apache.accumulo.gc.SimpleGarbageCollector.main(SimpleGarbageCollector.java:159)
		at org.apache.accumulo.gc.GCExecutable.execute(GCExecutable.java:34)
		at org.apache.accumulo.start.Main$1.run(Main.java:120)
		at java.lang.&lt;span class=&quot;code-object&quot;&gt;Thread&lt;/span&gt;.run(&lt;span class=&quot;code-object&quot;&gt;Thread&lt;/span&gt;.java:745)
&lt;/pre&gt;
&lt;/div&gt;&lt;/div&gt;
&lt;div class=&quot;code panel&quot; style=&quot;border-width: 1px;&quot;&gt;&lt;div class=&quot;codeContent panelContent&quot;&gt;
&lt;pre class=&quot;code-java&quot;&gt;Caught Exception trying to remove finished Replication records
	java.lang.ArithmeticException: / by zero
		at org.apache.accumulo.core.client.impl.TabletServerBatchWriter.logStats(TabletServerBatchWriter.java:418)
		at org.apache.accumulo.core.client.impl.TabletServerBatchWriter.close(TabletServerBatchWriter.java:369)
		at org.apache.accumulo.core.client.impl.BatchWriterImpl.close(BatchWriterImpl.java:54)
		at org.apache.accumulo.master.replication.RemoveCompleteReplicationRecords.run(RemoveCompleteReplicationRecords.java:100)
		at org.apache.accumulo.master.replication.ReplicationDriver.run(ReplicationDriver.java:110)
&lt;/pre&gt;
&lt;/div&gt;&lt;/div&gt;</description>
                <environment></environment>
        <key id="13067480">ACCUMULO-4633</key>
            <summary>ArithmeticException on TabletServerBatchWriter#logStats</summary>
                <type id="1" iconUrl="https://issues.apache.org/jira/secure/viewavatar?size=xsmall&amp;avatarId=21133&amp;avatarType=issuetype">Bug</type>
                                            <priority id="4" iconUrl="https://issues.apache.org/jira/images/icons/priorities/minor.svg">Minor</priority>
                        <status id="5" iconUrl="https://issues.apache.org/jira/images/icons/statuses/resolved.png" description="A resolution has been taken, and it is awaiting verification by reporter. From here issues are either reopened, or are closed.">Resolved</status>
                    <statusCategory id="3" key="done" colorName="green"/>
                                    <resolution id="1">Fixed</resolution>
                                        <assignee username="milleruntime">Michael Miller</assignee>
                                    <reporter username="adamjshook">Adam J. Shook</reporter>
                        <labels>
                    </labels>
                <created>Thu, 27 Apr 2017 19:18:51 +0000</created>
                <updated>Tue, 23 Apr 2019 16:13:02 +0000</updated>
                            <resolved>Wed, 3 May 2017 22:09:27 +0000</resolved>
                                    <version>1.7.3</version>
                                    <fixVersion>1.7.4</fixVersion>
                    <fixVersion>1.9.0</fixVersion>
                                        <due></due>
                            <votes>0</votes>
                                    <watches>4</watches>
                                            <timeestimate seconds="0">0h</timeestimate>
                            <timespent seconds="1800">0.5h</timespent>
                                <comments>
                            <comment id="15987854" author="kturner" created="Thu, 27 Apr 2017 23:06:09 +0000"  >&lt;p&gt;I suspect this is happening when trace logging is enabled, nothing was written to the batch writer, and the batch writer was closed.&lt;/p&gt;</comment>
                            <comment id="15995222" author="milleruntime" created="Wed, 3 May 2017 17:11:12 +0000"  >&lt;p&gt;Easy fix if there aren&apos;t problems with numBatches = 0:&lt;/p&gt;
&lt;div class=&quot;code panel&quot; style=&quot;border-width: 1px;&quot;&gt;&lt;div class=&quot;codeContent panelContent&quot;&gt;
&lt;pre class=&quot;code-java&quot;&gt;      log.trace(&lt;span class=&quot;code-object&quot;&gt;String&lt;/span&gt;.format(&lt;span class=&quot;code-quote&quot;&gt;&quot;tservers per batch   : %,8.2f avg  %,6d min %,6d max&quot;&lt;/span&gt;, (&lt;span class=&quot;code-object&quot;&gt;float&lt;/span&gt;) (numBatches.get() != 0 ? (tabletServersBatchSum.get() / numBatches.get()) : 0),
          minTabletServersBatch.get(), maxTabletServersBatch.get()));
      log.trace(&lt;span class=&quot;code-object&quot;&gt;String&lt;/span&gt;.format(&lt;span class=&quot;code-quote&quot;&gt;&quot;tablets per batch    : %,8.2f avg  %,6d min %,6d max&quot;&lt;/span&gt;, (&lt;span class=&quot;code-object&quot;&gt;float&lt;/span&gt;) (numBatches.get() != 0 ? (tabletBatchSum.get() / numBatches.get()) : 0), minTabletBatch.get(),
          maxTabletBatch.get()));
&lt;/pre&gt;
&lt;/div&gt;&lt;/div&gt;

&lt;p&gt;If you think this is all we need, I will push the fix up.&lt;/p&gt;</comment>
                            <comment id="15995426" author="adamjshook" created="Wed, 3 May 2017 18:52:06 +0000"  >&lt;p&gt;Sounds good to me.  Thanks for getting to this &amp;#8211; haven&apos;t had the time myself.&lt;/p&gt;</comment>
                    </comments>
                    <attachments>
                    </attachments>
                <subtasks>
                    </subtasks>
                <customfields>
                                                                            <customfield id="customfield_12310310" key="com.atlassian.jira.toolkit:attachments">
                        <customfieldname>Attachment count</customfieldname>
                        <customfieldvalues>
                            <customfieldvalue>0.0</customfieldvalue>
                        </customfieldvalues>
                    </customfield>
                                                                                                                                                                                                                                                                                                                                                                                                                                                                                                                                                                                                                                                                                                        <customfield id="customfield_12310220" key="com.atlassian.jira.ext.charting:firstresponsedate">
                        <customfieldname>Date of First Response</customfieldname>
                        <customfieldvalues>
                            <customfieldvalue>Thu, 27 Apr 2017 23:06:09 +0000</customfieldvalue>

                        </customfieldvalues>
                    </customfield>
                                                                <customfield id="customfield_12314020" key="com.atlassian.jira.plugins.jira-development-integration-plugin:devsummary">
                        <customfieldname>Development</customfieldname>
                        <customfieldvalues>
                            
                        </customfieldvalues>
                    </customfield>
                                                                                                                        <customfield id="customfield_12313422" key="com.atlassian.jirafisheyeplugin:jobcheckbox">
                        <customfieldname>Enable Automatic Patch Review</customfieldname>
                        <customfieldvalues>
                            <customfieldvalue><![CDATA[false]]></customfieldvalue>

                        </customfieldvalues>
                    </customfield>
                                                                                                                                                                                                                                                                                                                                                                                                                                                                                                                                                                                                                                                <customfield id="customfield_12310420" key="com.pyxis.greenhopper.jira:gh-global-rank">
                        <customfieldname>Global Rank</customfieldname>
                        <customfieldvalues>
                            <customfieldvalue>9223372036854775807</customfieldvalue>
                        </customfieldvalues>
                    </customfield>
                                                                                                                                                                                                            <customfield id="customfield_12312521" key="com.atlassian.jira.toolkit:LastCommentDate">
                        <customfieldname>Last public comment date</customfieldname>
                        <customfieldvalues>
                            2 years, 41 weeks, 4 days ago
                        </customfieldvalues>
                    </customfield>
                                                                                                                                                                                                            <customfield id="customfield_12311820" key="com.pyxis.greenhopper.jira:gh-lexo-rank">
                        <customfieldname>Rank</customfieldname>
                        <customfieldvalues>
                            <customfieldvalue>0|i3e7d3:</customfieldvalue>

                        </customfieldvalues>
                    </customfield>
                                                                <customfield id="customfield_12310920" key="com.pyxis.greenhopper.jira:gh-global-rank">
                        <customfieldname>Rank (Obsolete)</customfieldname>
                        <customfieldvalues>
                            <customfieldvalue>9223372036854775807</customfieldvalue>
                        </customfieldvalues>
                    </customfield>
                                                                                                                                                                                                                                                                                                                                                                                                                                                                                                                                                                                                                                                                            <customfield id="customfield_12310222" key="com.atlassian.jira.ext.charting:timeinstatus">
                        <customfieldname>Time in Status</customfieldname>
                        <customfieldvalues>
                            
                        </customfieldvalues>
                    </customfield>
                                                                                            </customfields>
    </item>


<item>
            <title>[ACCUMULO-4631] Junit dependency for Sunny ITs missing</title>
                <link>https://issues.apache.org/jira/browse/ACCUMULO-4631</link>
                <project id="12312121" key="ACCUMULO">Accumulo</project>
                    <description>&lt;p&gt;A recent change to the dependencies (&lt;a href=&quot;https://issues.apache.org/jira/browse/ACCUMULO-4618&quot; title=&quot;Enforce dependency analysis during build&quot; class=&quot;issue-link&quot; data-issue-key=&quot;ACCUMULO-4618&quot;&gt;&lt;del&gt;ACCUMULO-4618&lt;/del&gt;&lt;/a&gt;) caused a regression to the &quot;mvn clean verify -Psunny&quot; build.  A JUnit Error occurs in the maven-plugin module.&lt;/p&gt;</description>
                <environment></environment>
        <key id="13067075">ACCUMULO-4631</key>
            <summary>Junit dependency for Sunny ITs missing</summary>
                <type id="1" iconUrl="https://issues.apache.org/jira/secure/viewavatar?size=xsmall&amp;avatarId=21133&amp;avatarType=issuetype">Bug</type>
                                            <priority id="3" iconUrl="https://issues.apache.org/jira/images/icons/priorities/major.svg">Major</priority>
                        <status id="5" iconUrl="https://issues.apache.org/jira/images/icons/statuses/resolved.png" description="A resolution has been taken, and it is awaiting verification by reporter. From here issues are either reopened, or are closed.">Resolved</status>
                    <statusCategory id="3" key="done" colorName="green"/>
                                    <resolution id="1">Fixed</resolution>
                                        <assignee username="milleruntime">Michael Miller</assignee>
                                    <reporter username="milleruntime">Michael Miller</reporter>
                        <labels>
                    </labels>
                <created>Wed, 26 Apr 2017 14:23:43 +0000</created>
                <updated>Fri, 28 Apr 2017 13:06:33 +0000</updated>
                            <resolved>Wed, 26 Apr 2017 16:28:19 +0000</resolved>
                                                    <fixVersion>2.0.0</fixVersion>
                                    <component>test</component>
                        <due></due>
                            <votes>0</votes>
                                    <watches>2</watches>
                                            <timeestimate seconds="0">0h</timeestimate>
                            <timespent seconds="1200">20m</timespent>
                                <comments>
                            <comment id="15988778" author="ctubbsii" created="Fri, 28 Apr 2017 13:06:33 +0000"  >&lt;p&gt;This was a regression of &lt;a href=&quot;https://issues.apache.org/jira/browse/ACCUMULO-4168&quot; title=&quot;Strange failsafe error when using excludedGroups param&quot; class=&quot;issue-link&quot; data-issue-key=&quot;ACCUMULO-4168&quot;&gt;&lt;del&gt;ACCUMULO-4168&lt;/del&gt;&lt;/a&gt;.&lt;br/&gt;
Interesting that 4618 regressed 4168 &lt;img class=&quot;emoticon&quot; src=&quot;https://issues.apache.org/jira/images/icons/emoticons/smile.png&quot; height=&quot;16&quot; width=&quot;16&quot; align=&quot;absmiddle&quot; alt=&quot;&quot; border=&quot;0&quot;/&gt;&lt;/p&gt;</comment>
                    </comments>
                <issuelinks>
                            <issuelinktype id="10030">
                    <name>Reference</name>
                                            <outwardlinks description="relates to">
                                        <issuelink>
            <issuekey id="12950920">ACCUMULO-4168</issuekey>
        </issuelink>
                            </outwardlinks>
                                                        </issuelinktype>
                            <issuelinktype id="12310050">
                    <name>Regression</name>
                                                                <inwardlinks description="is broken by">
                                        <issuelink>
            <issuekey id="13061483">ACCUMULO-4618</issuekey>
        </issuelink>
                            </inwardlinks>
                                    </issuelinktype>
                    </issuelinks>
                <attachments>
                    </attachments>
                <subtasks>
                    </subtasks>
                <customfields>
                                                                            <customfield id="customfield_12310310" key="com.atlassian.jira.toolkit:attachments">
                        <customfieldname>Attachment count</customfieldname>
                        <customfieldvalues>
                            <customfieldvalue>0.0</customfieldvalue>
                        </customfieldvalues>
                    </customfield>
                                                                                                                                                                                                                                                                                                                                                                                                                                                                                                                                                                                                                                                                                                        <customfield id="customfield_12310220" key="com.atlassian.jira.ext.charting:firstresponsedate">
                        <customfieldname>Date of First Response</customfieldname>
                        <customfieldvalues>
                            <customfieldvalue>Fri, 28 Apr 2017 13:06:33 +0000</customfieldvalue>

                        </customfieldvalues>
                    </customfield>
                                                                <customfield id="customfield_12314020" key="com.atlassian.jira.plugins.jira-development-integration-plugin:devsummary">
                        <customfieldname>Development</customfieldname>
                        <customfieldvalues>
                            
                        </customfieldvalues>
                    </customfield>
                                                                                                                        <customfield id="customfield_12313422" key="com.atlassian.jirafisheyeplugin:jobcheckbox">
                        <customfieldname>Enable Automatic Patch Review</customfieldname>
                        <customfieldvalues>
                            <customfieldvalue><![CDATA[false]]></customfieldvalue>

                        </customfieldvalues>
                    </customfield>
                                                                                                                                                                                                                                                                                                                                                                                                                                                                                                                                                                                                                                                <customfield id="customfield_12310420" key="com.pyxis.greenhopper.jira:gh-global-rank">
                        <customfieldname>Global Rank</customfieldname>
                        <customfieldvalues>
                            <customfieldvalue>9223372036854775807</customfieldvalue>
                        </customfieldvalues>
                    </customfield>
                                                                                                                                                                                                            <customfield id="customfield_12312521" key="com.atlassian.jira.toolkit:LastCommentDate">
                        <customfieldname>Last public comment date</customfieldname>
                        <customfieldvalues>
                            2 years, 42 weeks, 2 days ago
                        </customfieldvalues>
                    </customfield>
                                                                                                                                                                                                            <customfield id="customfield_12311820" key="com.pyxis.greenhopper.jira:gh-lexo-rank">
                        <customfieldname>Rank</customfieldname>
                        <customfieldvalues>
                            <customfieldvalue>0|i3e4v3:</customfieldvalue>

                        </customfieldvalues>
                    </customfield>
                                                                <customfield id="customfield_12310920" key="com.pyxis.greenhopper.jira:gh-global-rank">
                        <customfieldname>Rank (Obsolete)</customfieldname>
                        <customfieldvalues>
                            <customfieldvalue>9223372036854775807</customfieldvalue>
                        </customfieldvalues>
                    </customfield>
                                                                                                                                                                                                                                                                                                                                                                                                                                                                                                                                                                                                                                                                            <customfield id="customfield_12310222" key="com.atlassian.jira.ext.charting:timeinstatus">
                        <customfieldname>Time in Status</customfieldname>
                        <customfieldvalues>
                            
                        </customfieldvalues>
                    </customfield>
                                                                                            </customfields>
    </item>


<item>
            <title>[ACCUMULO-4629] Seeking in timestamp range is slow</title>
                <link>https://issues.apache.org/jira/browse/ACCUMULO-4629</link>
                <project id="12312121" key="ACCUMULO">Accumulo</project>
                    <description>&lt;p&gt;Fluo&apos;s internal schema uses the first 4 bits of the timestamp to store different types of information per column.  These first 4 bits divide the timestamp space up into 16 ranges.  Fluo has server side iterators that consider information in one of these 16 ranges and then seek forward to another of the 16 ranges.&lt;/p&gt;

&lt;p&gt;Unfortunately, Accumulo&apos;s built in iterator that processes delete marker makes seeking within the timestamps of a column an O(N^2) operation.  This is because of the way deletes work in Accumulo.  A delete marker for timestamp X in Accumulo deletes anything with a timestamp &amp;lt;= X.  &lt;/p&gt;

&lt;p&gt;When seeking to timestamp Y, the Accumulo iterator that handles deletes will scan from MAX_LONG to Y looking for any deletes that may keep you from seeing data at timestamp Y.  The following example shows what the delete iterator will do when a user iterator does some seeks.&lt;/p&gt;

&lt;ul&gt;
	&lt;li&gt;User iterator seeks to stamp 1,000,000.  This causes the delete iter to scan from MAX_LONG to 1,000,000 looking for delete markers.&lt;/li&gt;
	&lt;li&gt;User iterator seeks to stamp 900,000.  This causes the delete iter to scan from MAX_LONG to 900,000 looking for delete markers.&lt;/li&gt;
	&lt;li&gt;User iterator seeks to stamp 500,000.  This causes the delete iter to scan from MAX_LONG to 500,000 looking for delete markers.&lt;/li&gt;
&lt;/ul&gt;


&lt;p&gt;So Fluo can seek efficiently, it has done some &lt;a href=&quot;https://github.com/apache/incubator-fluo/blob/rel/fluo-1.0.0-incubating/modules/accumulo/src/main/java/org/apache/fluo/accumulo/iterators/TimestampSkippingIterator.java#L164&quot; class=&quot;external-link&quot; rel=&quot;nofollow&quot;&gt;serious shenanigans&lt;/a&gt; using reflection to remove  the DeleteIterator.  The great work being done on &lt;a href=&quot;https://issues.apache.org/jira/browse/ACCUMULO-3079&quot; title=&quot;improve system iterator performance by collapsing call stack&quot; class=&quot;issue-link&quot; data-issue-key=&quot;ACCUMULO-3079&quot;&gt;&lt;del&gt;ACCUMULO-3079&lt;/del&gt;&lt;/a&gt; will likely break this crazy reflection code.  So I would like to make a change to upstream Accumulo that allows efficient seeking in the timestamp range.  I have thought of the following two possible solutions.&lt;/p&gt;

&lt;ul&gt;
	&lt;li&gt;Make the DeleteIterator stateful so that it remember what ranges it has scanned for deletes.  I don&apos;t really like this solution because it will add expense to every seek in Accumulo for an edge case.&lt;/li&gt;
	&lt;li&gt;Make it possible to create tables with an exact delete behavior. Meaning a delete for timestamp X will only delete an existing row column with that exact timestamp.  This option could only be chosen at table creation time and could not be changed.  For this delete behavior, the delete iterator doesnot need to scan for every seek.&lt;/li&gt;
&lt;/ul&gt;


&lt;p&gt;Are there other possible solutions?&lt;/p&gt;

</description>
                <environment></environment>
        <key id="13066761">ACCUMULO-4629</key>
            <summary>Seeking in timestamp range is slow</summary>
                <type id="1" iconUrl="https://issues.apache.org/jira/secure/viewavatar?size=xsmall&amp;avatarId=21133&amp;avatarType=issuetype">Bug</type>
                                            <priority id="3" iconUrl="https://issues.apache.org/jira/images/icons/priorities/major.svg">Major</priority>
                        <status id="5" iconUrl="https://issues.apache.org/jira/images/icons/statuses/resolved.png" description="A resolution has been taken, and it is awaiting verification by reporter. From here issues are either reopened, or are closed.">Resolved</status>
                    <statusCategory id="3" key="done" colorName="green"/>
                                    <resolution id="3">Duplicate</resolution>
                                        <assignee username="-1">Unassigned</assignee>
                                    <reporter username="kturner">Keith Turner</reporter>
                        <labels>
                            <label>pull-request-available</label>
                    </labels>
                <created>Tue, 25 Apr 2017 17:37:49 +0000</created>
                <updated>Fri, 17 Aug 2018 21:54:55 +0000</updated>
                            <resolved>Tue, 12 Jun 2018 14:52:50 +0000</resolved>
                                                                        <due></due>
                            <votes>0</votes>
                                    <watches>4</watches>
                                            <timeestimate seconds="0">0h</timeestimate>
                            <timespent seconds="10800">3h</timespent>
                                <comments>
                            <comment id="15983355" author="dlmarion" created="Tue, 25 Apr 2017 18:02:11 +0000"  >&lt;p&gt;Can we somehow pass a scan option to disable delete marker checking and seek to the first non-delete key?&lt;/p&gt;</comment>
                            <comment id="15983375" author="kturner" created="Tue, 25 Apr 2017 18:14:26 +0000"  >&lt;p&gt;&amp;gt; Can we somehow pass a scan option to disable delete marker checking and seek to the first non-delete key?&lt;/p&gt;

&lt;p&gt;I had not thought of that option, definitely something to consider.  Adding something to Accumulo&apos;s iteratorand/or scanner API that allows user iterators to turn off the delete iterator.  Not sure what the API would look like.&lt;/p&gt;</comment>
                            <comment id="15983474" author="dlmarion" created="Tue, 25 Apr 2017 19:14:30 +0000"  >&lt;blockquote&gt;&lt;p&gt;Scanner.disableDeleteIterator();&lt;/p&gt;&lt;/blockquote&gt;

&lt;p&gt;I like this better than the two options that you suggested in the description. I have not looked to see if it&apos;s possible to do.&lt;/p&gt;</comment>
                            <comment id="15983522" author="kturner" created="Tue, 25 Apr 2017 20:04:05 +0000"  >&lt;p&gt;In order to make it sane, I think enabling scanners to bypass deletes would require a new table permission.  The option for changing delete behavior at table creation time would not require a permission, because deletes still can not be bypassed.&lt;/p&gt;

&lt;p&gt;Enabling scanners to disable deletes may be useful for debugging?  Not sure about this.  However it could really gum up scan time iterators.  All iterators written for scan time assumed they would never see deletes.  Deletes trips up lots of people (myself included) when writing iterators for compaction.  So if it were useful for debugging, it would be with caveats.&lt;/p&gt;</comment>
                            <comment id="15983538" author="kturner" created="Tue, 25 Apr 2017 20:12:26 +0000"  >&lt;p&gt;Without a good use case for the disabling deletes in the Scanner, it may be better to limit this to the Iterator API.   This could be done with a method like the following. &lt;/p&gt;

&lt;div class=&quot;code panel&quot; style=&quot;border-width: 1px;&quot;&gt;&lt;div class=&quot;codeContent panelContent&quot;&gt;
&lt;pre class=&quot;code-java&quot;&gt;IteratorEnvironment.disableDeleteIterator()&lt;/pre&gt;
&lt;/div&gt;&lt;/div&gt;

&lt;p&gt;I think for sanity, this would still require a table permission.&lt;/p&gt;</comment>
                            <comment id="15983556" author="dlmarion" created="Tue, 25 Apr 2017 20:25:50 +0000"  >&lt;p&gt;Maybe my option was poorly named. Can we supply a flag at scan time such that the DeleteIterator does not:&lt;/p&gt;

&lt;blockquote&gt;&lt;p&gt;User iterator seeks to stamp 1,000,000. This causes the delete iter to scan from MAX_LONG to 1,000,000 looking for delete markers.&lt;/p&gt;&lt;/blockquote&gt;
&lt;blockquote&gt;&lt;p&gt;User iterator seeks to stamp 900,000. This causes the delete iter to scan from MAX_LONG to 900,000 looking for delete markers.&lt;/p&gt;&lt;/blockquote&gt;
&lt;blockquote&gt;&lt;p&gt;User iterator seeks to stamp 500,000. This causes the delete iter to scan from MAX_LONG to 500,000 looking for delete markers.&lt;/p&gt;&lt;/blockquote&gt;

&lt;p&gt;But instead just seeks to the first non-delete key and does not scan for delete markers? I don&apos;t think this would propagate the delete keys up the iterator stack, it would skip over them. Maybe I&apos;m misunderstanding something.&lt;/p&gt;</comment>
                            <comment id="15983602" author="kturner" created="Tue, 25 Apr 2017 21:03:20 +0000"  >&lt;blockquote&gt;&lt;p&gt;But instead just seeks to the first non-delete key and does not scan for delete markers?&lt;/p&gt;&lt;/blockquote&gt;

&lt;p&gt;Not sure I understand what you are thinking. If had data like the following (row+col ommitted, just timestamp, delete, and value) what are you thinking when I seek to timestamp 16? Timestamp 35 is a delete below.&lt;/p&gt;

&lt;div class=&quot;preformatted panel&quot; style=&quot;border-width: 1px;&quot;&gt;&lt;div class=&quot;preformattedContent panelContent&quot;&gt;
&lt;pre&gt;  44 false val1
  39 false val2
  35 true  val3
  23 false val4
  16 false val5
  11 false val6
&lt;/pre&gt;
&lt;/div&gt;&lt;/div&gt;
</comment>
                            <comment id="15983629" author="kturner" created="Tue, 25 Apr 2017 21:13:42 +0000"  >&lt;p&gt;The following is better example data because it has multiple deletes.  Curious about seeking to stamp 16 and then scanning from there.&lt;/p&gt;

&lt;div class=&quot;preformatted panel&quot; style=&quot;border-width: 1px;&quot;&gt;&lt;div class=&quot;preformattedContent panelContent&quot;&gt;
&lt;pre&gt;  44 false val1
  39 false val2
  35 true  val3
  23 false val4
  16 false val5
  11 true  val6
  10 false val7
&lt;/pre&gt;
&lt;/div&gt;&lt;/div&gt;</comment>
                            <comment id="15983664" author="dlmarion" created="Tue, 25 Apr 2017 21:37:53 +0000"  >&lt;p&gt;In the example above, do all keys have the same row, colf, and colq. You said omitted. If the same, is the versioning iterator removed from the table? If so, then delete iterator should just skip over delete keys?&lt;/p&gt;

&lt;p&gt;Sorry so short, on mobile...&lt;/p&gt;</comment>
                            <comment id="15985474" author="kturner" created="Wed, 26 Apr 2017 20:09:22 +0000"  >&lt;p&gt;Yeah all have same row+col.  Yes, versioning iterator is removed.&lt;/p&gt;

&lt;blockquote&gt;&lt;p&gt;If so, then delete iterator should just skip over delete keys?&lt;/p&gt;&lt;/blockquote&gt;

&lt;p&gt;Right.  Currently, when seeking to 16 the delete iterator will start scanning at the beginning of the column and then skip everything after the delete at time 35.&lt;/p&gt;</comment>
                            <comment id="15993503" author="kturner" created="Tue, 2 May 2017 18:53:37 +0000"  >&lt;p&gt;I discussed this with &lt;a href=&quot;https://issues.apache.org/jira/secure/ViewProfile.jspa?name=dlmarion&quot; class=&quot;user-hover&quot; rel=&quot;dlmarion&quot;&gt;Dave Marion&lt;/a&gt; offline.  Another possible option came out of this discussion. Could have a table option to change how delete are sorted.  Could sort on delete and then timestamp.  This would make all deletes for a column sort to the beginning of the column.  With the deletes at the beginning of the column, the delete iterator could handle seeking a bit more efficiently.  It still would not be as efficient as ignoring deletes, because each seek of the deleting iter would require it to seek backwards to the beginning of the column.  It would be an improvement in that entire column no longer needs to be scanned.&lt;/p&gt;</comment>
                            <comment id="15993506" author="kturner" created="Tue, 2 May 2017 18:55:34 +0000"  >&lt;p&gt;Another possible option is to allow turning on statefulness in the deleting iterator.  By default it would not be on, but an iterator could turn it on.&lt;/p&gt;</comment>
                            <comment id="15995364" author="ctubbsii" created="Wed, 3 May 2017 18:10:22 +0000"  >&lt;p&gt;I prefer the option to decide delete handling behavior at table creation time. It&apos;s a simple change, easy to understand, and I think there are other use cases for this behavior.&lt;/p&gt;

&lt;p&gt;I think the other options would add far too much complexity, without sufficient benefit.&lt;/p&gt;

&lt;p&gt;I do find the idea of changing the ordering of the delete and timestamp fields intriguing, but I think it&apos;d be like asking Voyager 1 to return to return to Earth. In any case, it doesn&apos;t support the additional use cases that the &quot;exact delete&quot; option supports.&lt;/p&gt;</comment>
                            <comment id="15995468" author="kturner" created="Wed, 3 May 2017 19:13:51 +0000"  >&lt;p&gt;I was thinking that for the option of adding an API call for turning off deletes that this could be supported with a permission. However, this would not work for compaction time because there is no user to associate the permission with.&lt;/p&gt;

&lt;p&gt;For the option of making the deleting iterator stateful, I realized this will not work as I was thinking.  Even if the iterator remembers there are not deletes for the current column up to X, when I seek to (X-N) it will still have to scan from X to (X-N) looking for deletes.  While this is an improvement, it still do not enable efficient seeks in the timestamp range. &lt;/p&gt;</comment>
                            <comment id="16575605" author="ctubbsii" created="Fri, 10 Aug 2018 00:30:40 +0000"  >&lt;p&gt;I&apos;m assuming this was closed as a duplicate of the linked pull request?&lt;/p&gt;</comment>
                    </comments>
                    <attachments>
                    </attachments>
                <subtasks>
                    </subtasks>
                <customfields>
                                                                            <customfield id="customfield_12310310" key="com.atlassian.jira.toolkit:attachments">
                        <customfieldname>Attachment count</customfieldname>
                        <customfieldvalues>
                            <customfieldvalue>0.0</customfieldvalue>
                        </customfieldvalues>
                    </customfield>
                                                                                                                                                                                                                                                                                                                                                                                                                                                                                                                                                                                                                                                                                                        <customfield id="customfield_12310220" key="com.atlassian.jira.ext.charting:firstresponsedate">
                        <customfieldname>Date of First Response</customfieldname>
                        <customfieldvalues>
                            <customfieldvalue>Tue, 25 Apr 2017 18:02:11 +0000</customfieldvalue>

                        </customfieldvalues>
                    </customfield>
                                                                <customfield id="customfield_12314020" key="com.atlassian.jira.plugins.jira-development-integration-plugin:devsummary">
                        <customfieldname>Development</customfieldname>
                        <customfieldvalues>
                            
                        </customfieldvalues>
                    </customfield>
                                                                                                                        <customfield id="customfield_12313422" key="com.atlassian.jirafisheyeplugin:jobcheckbox">
                        <customfieldname>Enable Automatic Patch Review</customfieldname>
                        <customfieldvalues>
                            <customfieldvalue><![CDATA[false]]></customfieldvalue>

                        </customfieldvalues>
                    </customfield>
                                                                                                                                                                                                                                                                                                                                                                                                                                                                                                                                                                                                                                                <customfield id="customfield_12310420" key="com.pyxis.greenhopper.jira:gh-global-rank">
                        <customfieldname>Global Rank</customfieldname>
                        <customfieldvalues>
                            <customfieldvalue>9223372036854775807</customfieldvalue>
                        </customfieldvalues>
                    </customfield>
                                                                                                                                                                                                            <customfield id="customfield_12312521" key="com.atlassian.jira.toolkit:LastCommentDate">
                        <customfieldname>Last public comment date</customfieldname>
                        <customfieldvalues>
                            1 year, 27 weeks, 3 days ago
                        </customfieldvalues>
                    </customfield>
                                                                                                                                                                                                            <customfield id="customfield_12311820" key="com.pyxis.greenhopper.jira:gh-lexo-rank">
                        <customfieldname>Rank</customfieldname>
                        <customfieldvalues>
                            <customfieldvalue>0|i3e2xb:</customfieldvalue>

                        </customfieldvalues>
                    </customfield>
                                                                <customfield id="customfield_12310920" key="com.pyxis.greenhopper.jira:gh-global-rank">
                        <customfieldname>Rank (Obsolete)</customfieldname>
                        <customfieldvalues>
                            <customfieldvalue>9223372036854775807</customfieldvalue>
                        </customfieldvalues>
                    </customfield>
                                                                                                                                                                                                                                                                                                                                                                                                                                                                                                                                                                                                                                                                            <customfield id="customfield_12310222" key="com.atlassian.jira.ext.charting:timeinstatus">
                        <customfieldname>Time in Status</customfieldname>
                        <customfieldvalues>
                            
                        </customfieldvalues>
                    </customfield>
                                                                                            </customfields>
    </item>


<item>
            <title>[ACCUMULO-4625] Monitor gets slow with lots of migrations</title>
                <link>https://issues.apache.org/jira/browse/ACCUMULO-4625</link>
                <project id="12312121" key="ACCUMULO">Accumulo</project>
                    <description>&lt;p&gt;An anecdotal ticket until I can dig further.  The monitor gets really slow when there is a large number of migrations that need to happen.  For example, create a table.  Then add 1000 splits.  All tablets are assigned to one tserver until they are migrated.  May even queue up needed migrations from other tables behind those 1000 migrations.&lt;/p&gt;</description>
                <environment></environment>
        <key id="13064844">ACCUMULO-4625</key>
            <summary>Monitor gets slow with lots of migrations</summary>
                <type id="1" iconUrl="https://issues.apache.org/jira/secure/viewavatar?size=xsmall&amp;avatarId=21133&amp;avatarType=issuetype">Bug</type>
                                            <priority id="3" iconUrl="https://issues.apache.org/jira/images/icons/priorities/major.svg">Major</priority>
                        <status id="1" iconUrl="https://issues.apache.org/jira/images/icons/statuses/open.png" description="The issue is open and ready for the assignee to start work on it.">Open</status>
                    <statusCategory id="2" key="new" colorName="blue-gray"/>
                                    <resolution id="-1">Unresolved</resolution>
                                        <assignee username="-1">Unassigned</assignee>
                                    <reporter username="mjwall">Michael Wall</reporter>
                        <labels>
                    </labels>
                <created>Tue, 18 Apr 2017 19:19:09 +0000</created>
                <updated>Tue, 18 Apr 2017 19:19:09 +0000</updated>
                                            <version>1.6.6</version>
                                                    <component>master</component>
                    <component>monitor</component>
                        <due></due>
                            <votes>0</votes>
                                    <watches>3</watches>
                                                                        <attachments>
                    </attachments>
                <subtasks>
                    </subtasks>
                <customfields>
                                                                            <customfield id="customfield_12310310" key="com.atlassian.jira.toolkit:attachments">
                        <customfieldname>Attachment count</customfieldname>
                        <customfieldvalues>
                            <customfieldvalue>0.0</customfieldvalue>
                        </customfieldvalues>
                    </customfield>
                                                                                                                                                                                                                                                                                                                                                                                                                                                                                                                                                                                                                                                                                                                                    <customfield id="customfield_12314020" key="com.atlassian.jira.plugins.jira-development-integration-plugin:devsummary">
                        <customfieldname>Development</customfieldname>
                        <customfieldvalues>
                            
                        </customfieldvalues>
                    </customfield>
                                                                                                                        <customfield id="customfield_12313422" key="com.atlassian.jirafisheyeplugin:jobcheckbox">
                        <customfieldname>Enable Automatic Patch Review</customfieldname>
                        <customfieldvalues>
                            <customfieldvalue><![CDATA[false]]></customfieldvalue>

                        </customfieldvalues>
                    </customfield>
                                                                                                                                                                                                                                                                                                                                                                                                                                                                                                                                                                                                                                                <customfield id="customfield_12310420" key="com.pyxis.greenhopper.jira:gh-global-rank">
                        <customfieldname>Global Rank</customfieldname>
                        <customfieldvalues>
                            <customfieldvalue>9223372036854775807</customfieldvalue>
                        </customfieldvalues>
                    </customfield>
                                                                                                                                                                                                            <customfield id="customfield_12312521" key="com.atlassian.jira.toolkit:LastCommentDate">
                        <customfieldname>Last public comment date</customfieldname>
                        <customfieldvalues>
                            2 years, 43 weeks, 5 days ago
                        </customfieldvalues>
                    </customfield>
                                                                                                                                                                                                            <customfield id="customfield_12311820" key="com.pyxis.greenhopper.jira:gh-lexo-rank">
                        <customfieldname>Rank</customfieldname>
                        <customfieldvalues>
                            <customfieldvalue>0|i3drp3:</customfieldvalue>

                        </customfieldvalues>
                    </customfield>
                                                                <customfield id="customfield_12310920" key="com.pyxis.greenhopper.jira:gh-global-rank">
                        <customfieldname>Rank (Obsolete)</customfieldname>
                        <customfieldvalues>
                            <customfieldvalue>9223372036854775807</customfieldvalue>
                        </customfieldvalues>
                    </customfield>
                                                                                                                                                                                                                                                                                                                                                                                                                                                                                                                                                                                                                                                                                                                                    </customfields>
    </item>


<item>
            <title>[ACCUMULO-4619] Add splits hung forever</title>
                <link>https://issues.apache.org/jira/browse/ACCUMULO-4619</link>
                <project id="12312121" key="ACCUMULO">Accumulo</project>
                    <description>&lt;p&gt;I ran into a problem where addsplits was hanging forever and no errors were printed by Accumulo even when I set the log level to trace.  I finally figured out the problem was that I had the wrong version of thrift on the classpath (0.9.1 vs 0.9.3).  Accumulo 1.8.1 was trying to use a method that did not exist in thrift 0.9.1 &lt;img class=&quot;emoticon&quot; src=&quot;https://issues.apache.org/jira/images/icons/emoticons/sad.png&quot; height=&quot;16&quot; width=&quot;16&quot; align=&quot;absmiddle&quot; alt=&quot;&quot; border=&quot;0&quot;/&gt;  &lt;/p&gt;

&lt;p&gt;This missing method caused a NoSuchMethodError to be thrown.  The Accumulo split code only caught Exception and therefore did not handle this.  Also nothing was printed for this.   &lt;/p&gt;

&lt;p&gt;The split code should be fixed to not silently drop errors.&lt;/p&gt;</description>
                <environment></environment>
        <key id="13061801">ACCUMULO-4619</key>
            <summary>Add splits hung forever</summary>
                <type id="1" iconUrl="https://issues.apache.org/jira/secure/viewavatar?size=xsmall&amp;avatarId=21133&amp;avatarType=issuetype">Bug</type>
                                            <priority id="3" iconUrl="https://issues.apache.org/jira/images/icons/priorities/major.svg">Major</priority>
                        <status id="5" iconUrl="https://issues.apache.org/jira/images/icons/statuses/resolved.png" description="A resolution has been taken, and it is awaiting verification by reporter. From here issues are either reopened, or are closed.">Resolved</status>
                    <statusCategory id="3" key="done" colorName="green"/>
                                    <resolution id="1">Fixed</resolution>
                                        <assignee username="kturner">Keith Turner</assignee>
                                    <reporter username="kturner">Keith Turner</reporter>
                        <labels>
                    </labels>
                <created>Wed, 5 Apr 2017 16:24:58 +0000</created>
                <updated>Tue, 23 Apr 2019 16:13:06 +0000</updated>
                            <resolved>Tue, 13 Jun 2017 03:15:08 +0000</resolved>
                                    <version>1.7.3</version>
                    <version>1.8.1</version>
                                    <fixVersion>1.7.4</fixVersion>
                    <fixVersion>1.9.0</fixVersion>
                                        <due></due>
                            <votes>0</votes>
                                    <watches>2</watches>
                                            <timeestimate seconds="0">0h</timeestimate>
                            <timespent seconds="15600">4h 20m</timespent>
                                <comments>
                            <comment id="15957247" author="kturner" created="Wed, 5 Apr 2017 17:08:46 +0000"  >&lt;p&gt;While looking into fixing this I learned something interesting.  The existing code supplies a thread factory to the executor service that supplies a Thread with a LoggingRunnable.  So it seems like the LoggingRunnable should have logged the Error.  However, in this case there was thread pool code that caught the exception and ate it before it got to LoggingRunnable.&lt;/p&gt;

&lt;p&gt;So the LoggingRunnable created by org.apache.accumulo.core.util.NamingThreadFactory may not be doing much for us when used in a thread pool.&lt;/p&gt;</comment>
                            <comment id="15957282" author="kturner" created="Wed, 5 Apr 2017 17:24:53 +0000"  >&lt;p&gt;I learned a bit more, the LoggingRunnable created by NamingThreadFactory is working after all.&lt;/p&gt;

&lt;p&gt;The split code using the thread pool was calling submit() which returns a Future.  When a Future is returned the thread pool forwards exceptions to the Future, so it does not make it to LoggingRunnable.  This makes sense.  However, the accumulo split code wasn&apos;t doing anything with the Future.  I tried changing the split code to call `execute()` instead of `submit()` and then LoggingRunnable did print the Error.&lt;/p&gt;</comment>
                            <comment id="16047341" author="ctubbsii" created="Tue, 13 Jun 2017 02:17:51 +0000"  >&lt;p&gt;Reopening to fix LargeSplitRowIT. The current fix does not properly retain the AccumuloServerException type, instead converting it to a generic AccumuloException.&lt;/p&gt;</comment>
                            <comment id="16047362" author="ctubbsii" created="Tue, 13 Jun 2017 02:57:04 +0000"  >&lt;p&gt;Patch incoming after I finish a quick test run.&lt;/p&gt;</comment>
                            <comment id="16047369" author="ctubbsii" created="Tue, 13 Jun 2017 03:15:08 +0000"  >&lt;p&gt;Pushed a fix. LargeSplitRowIT passes again.&lt;/p&gt;</comment>
                    </comments>
                    <attachments>
                    </attachments>
                <subtasks>
                    </subtasks>
                <customfields>
                                                                            <customfield id="customfield_12310310" key="com.atlassian.jira.toolkit:attachments">
                        <customfieldname>Attachment count</customfieldname>
                        <customfieldvalues>
                            <customfieldvalue>0.0</customfieldvalue>
                        </customfieldvalues>
                    </customfield>
                                                                                                                                                                                                                                                                                                                                                                                                                                                                                                                                                                                                                                                                                                        <customfield id="customfield_12310220" key="com.atlassian.jira.ext.charting:firstresponsedate">
                        <customfieldname>Date of First Response</customfieldname>
                        <customfieldvalues>
                            <customfieldvalue>Tue, 13 Jun 2017 02:17:51 +0000</customfieldvalue>

                        </customfieldvalues>
                    </customfield>
                                                                <customfield id="customfield_12314020" key="com.atlassian.jira.plugins.jira-development-integration-plugin:devsummary">
                        <customfieldname>Development</customfieldname>
                        <customfieldvalues>
                            
                        </customfieldvalues>
                    </customfield>
                                                                                                                        <customfield id="customfield_12313422" key="com.atlassian.jirafisheyeplugin:jobcheckbox">
                        <customfieldname>Enable Automatic Patch Review</customfieldname>
                        <customfieldvalues>
                            <customfieldvalue><![CDATA[false]]></customfieldvalue>

                        </customfieldvalues>
                    </customfield>
                                                                                                                                                                                                                                                                                                                                                                                                                                                                                                                                                                                                                                                <customfield id="customfield_12310420" key="com.pyxis.greenhopper.jira:gh-global-rank">
                        <customfieldname>Global Rank</customfieldname>
                        <customfieldvalues>
                            <customfieldvalue>9223372036854775807</customfieldvalue>
                        </customfieldvalues>
                    </customfield>
                                                                                                                                                                                                            <customfield id="customfield_12312521" key="com.atlassian.jira.toolkit:LastCommentDate">
                        <customfieldname>Last public comment date</customfieldname>
                        <customfieldvalues>
                            2 years, 35 weeks, 6 days ago
                        </customfieldvalues>
                    </customfield>
                                                                                                                                                                                                            <customfield id="customfield_12311820" key="com.pyxis.greenhopper.jira:gh-lexo-rank">
                        <customfieldname>Rank</customfieldname>
                        <customfieldvalues>
                            <customfieldvalue>0|i3d8y7:</customfieldvalue>

                        </customfieldvalues>
                    </customfield>
                                                                <customfield id="customfield_12310920" key="com.pyxis.greenhopper.jira:gh-global-rank">
                        <customfieldname>Rank (Obsolete)</customfieldname>
                        <customfieldvalues>
                            <customfieldvalue>9223372036854775807</customfieldvalue>
                        </customfieldvalues>
                    </customfield>
                                                                                                                                                                                                                                                                                                                                                                                                                                                                                                                                                                                                                                                                            <customfield id="customfield_12310222" key="com.atlassian.jira.ext.charting:timeinstatus">
                        <customfieldname>Time in Status</customfieldname>
                        <customfieldvalues>
                            
                        </customfieldvalues>
                    </customfield>
                                                                                            </customfields>
    </item>
</channel>
</rss>