<!--
RSS generated by JIRA (8.3.4#803005-sha1:1f96e09b3c60279a408a2ae47be3c745f571388b) at Mon Feb 17 08:25:48 UTC 2020

It is possible to restrict the fields that are returned in this document by specifying the 'field' parameter in your request.
For example, to request only the issue key and summary append 'field=key&field=summary' to the URL of your request.
-->
<!-- If you wish to do custom client-side styling of RSS, uncomment this:
<?xml-stylesheet href="https://issues.apache.org/jira/styles/jiraxml2html.xsl" type="text/xsl"?>
-->
<rss version="0.92">
    <channel>
        <title>ASF JIRA</title>
        <link>https://issues.apache.org/jira/issues/?jql=project+%3D+ACCUMULO+AND+issuetype+%3D+Bug+AND+created+%3E%3D+2018-09-01+AND+created+%3C%3D+2018-10-01</link>
        <description>An XML representation of a search request</description>
                <language>en-uk</language>
                        <issue start="0" end="2" total="2"/>
                <build-info>
            <version>8.3.4</version>
            <build-number>803005</build-number>
            <build-date>13-09-2019</build-date>
        </build-info>

<item>
            <title>[ACCUMULO-4856] Preciso configurar o gridmIX2, mas n&#227;o encontro a pasta src onde fica o benchmark gridmix na pasta de instala&#231;&#227;o do hadoop.</title>
                <link>https://issues.apache.org/jira/browse/ACCUMULO-4856</link>
                <project id="12312121" key="ACCUMULO">Accumulo</project>
                    <description>&lt;p&gt;OL&#225; de uma ajuda. sou nova no hadoop. criei um cluster com 4 n&#243;s. 1 master e 3 slaves. agora preciso configurar o gridmix2. o meu maior problema &#233; que n&#227;o encontro a pasta src onde fica o benchmark gridmix na pasta de instala&#231;&#227;o do hadoop. e n&#227;o sei o que fazer nem por onde come&#231;ar.&lt;br/&gt;
estou a usar o hadoop-2.9.1. no ubuntu- 16.4 &lt;/p&gt;</description>
                <environment>&lt;p&gt;hadoop-2.9.1 no ubuntu 16&lt;/p&gt;</environment>
        <key id="13187249">ACCUMULO-4856</key>
            <summary>Preciso configurar o gridmIX2, mas n&#227;o encontro a pasta src onde fica o benchmark gridmix na pasta de instala&#231;&#227;o do hadoop.</summary>
                <type id="1" iconUrl="https://issues.apache.org/jira/secure/viewavatar?size=xsmall&amp;avatarId=21133&amp;avatarType=issuetype">Bug</type>
                                            <priority id="3" iconUrl="https://issues.apache.org/jira/images/icons/priorities/major.svg">Major</priority>
                        <status id="5" iconUrl="https://issues.apache.org/jira/images/icons/statuses/resolved.png" description="A resolution has been taken, and it is awaiting verification by reporter. From here issues are either reopened, or are closed.">Resolved</status>
                    <statusCategory id="3" key="done" colorName="green"/>
                                    <resolution id="6">Invalid</resolution>
                                        <assignee username="-1">Unassigned</assignee>
                                    <reporter username="soqui">isabel soqui </reporter>
                        <labels>
                            <label>build</label>
                    </labels>
                <created>Tue, 25 Sep 2018 10:47:55 +0000</created>
                <updated>Wed, 26 Sep 2018 13:15:10 +0000</updated>
                            <resolved>Wed, 26 Sep 2018 07:21:44 +0000</resolved>
                                                                    <component>mapreduce</component>
                        <due></due>
                            <votes>0</votes>
                                    <watches>1</watches>
                                    <timeoriginalestimate seconds="1209600">336h</timeoriginalestimate>
                            <timeestimate seconds="1209600">336h</timeestimate>
                                        <comments>
                            <comment id="16628344" author="ctubbsii" created="Wed, 26 Sep 2018 07:21:44 +0000"  >&lt;p&gt;Hi &lt;a href=&quot;https://issues.apache.org/jira/secure/ViewProfile.jspa?name=soqui&quot; class=&quot;user-hover&quot; rel=&quot;soqui&quot;&gt;isabel soqui &lt;/a&gt;. You have contacted the wrong forum for your question. You should contact the Hadoop user community for questions pertaining to Hadoop and Gridmix. Please see &lt;a href=&quot;https://hadoop.apache.org/mailing_lists.html&quot; class=&quot;external-link&quot; rel=&quot;nofollow&quot;&gt;https://hadoop.apache.org/mailing_lists.html&lt;/a&gt;&#160;for contact information. Please keep in mind that most of the Apache communities operate in English, so you are more likely to make it past the moderators and get a helpful response if you first make an attempt to translate your question into English. Good luck!&lt;/p&gt;</comment>
                            <comment id="16628752" author="soqui" created="Wed, 26 Sep 2018 13:15:10 +0000"  >&lt;p&gt;thanks for all&lt;/p&gt;</comment>
                    </comments>
                    <attachments>
                    </attachments>
                <subtasks>
                    </subtasks>
                <customfields>
                                                                            <customfield id="customfield_12310310" key="com.atlassian.jira.toolkit:attachments">
                        <customfieldname>Attachment count</customfieldname>
                        <customfieldvalues>
                            <customfieldvalue>0.0</customfieldvalue>
                        </customfieldvalues>
                    </customfield>
                                                                                                                                                                                                                                                                                                                                                                                                                                                                                                                                                                                                                                                                                                        <customfield id="customfield_12310220" key="com.atlassian.jira.ext.charting:firstresponsedate">
                        <customfieldname>Date of First Response</customfieldname>
                        <customfieldvalues>
                            <customfieldvalue>Wed, 26 Sep 2018 07:21:44 +0000</customfieldvalue>

                        </customfieldvalues>
                    </customfield>
                                                                <customfield id="customfield_12314020" key="com.atlassian.jira.plugins.jira-development-integration-plugin:devsummary">
                        <customfieldname>Development</customfieldname>
                        <customfieldvalues>
                            
                        </customfieldvalues>
                    </customfield>
                                                                                                                        <customfield id="customfield_12313422" key="com.atlassian.jirafisheyeplugin:jobcheckbox">
                        <customfieldname>Enable Automatic Patch Review</customfieldname>
                        <customfieldvalues>
                            <customfieldvalue><![CDATA[false]]></customfieldvalue>

                        </customfieldvalues>
                    </customfield>
                                                                                                                                                                                                                                                                                                                                                                                                                                                                                                                                                                                                                                                <customfield id="customfield_12310420" key="com.pyxis.greenhopper.jira:gh-global-rank">
                        <customfieldname>Global Rank</customfieldname>
                        <customfieldvalues>
                            <customfieldvalue>9223372036854775807</customfieldvalue>
                        </customfieldvalues>
                    </customfield>
                                                                                                                                                                                                            <customfield id="customfield_12312521" key="com.atlassian.jira.toolkit:LastCommentDate">
                        <customfieldname>Last public comment date</customfieldname>
                        <customfieldvalues>
                            1 year, 20 weeks, 4 days ago
                        </customfieldvalues>
                    </customfield>
                                                                                                                                                                                                            <customfield id="customfield_12311820" key="com.pyxis.greenhopper.jira:gh-lexo-rank">
                        <customfieldname>Rank</customfieldname>
                        <customfieldvalues>
                            <customfieldvalue>0|i3ygj3:</customfieldvalue>

                        </customfieldvalues>
                    </customfield>
                                                                <customfield id="customfield_12310920" key="com.pyxis.greenhopper.jira:gh-global-rank">
                        <customfieldname>Rank (Obsolete)</customfieldname>
                        <customfieldvalues>
                            <customfieldvalue>9223372036854775807</customfieldvalue>
                        </customfieldvalues>
                    </customfield>
                                                                                                                                                                                                                                                                                                                                                                                                                                                                                                                                                                                                                                                                            <customfield id="customfield_12310222" key="com.atlassian.jira.ext.charting:timeinstatus">
                        <customfieldname>Time in Status</customfieldname>
                        <customfieldvalues>
                            
                        </customfieldvalues>
                    </customfield>
                                                                                            </customfields>
    </item>


<item>
            <title>[ACCUMULO-4855] Parameter error in start-ingest.sh</title>
                <link>https://issues.apache.org/jira/browse/ACCUMULO-4855</link>
                <project id="12312121" key="ACCUMULO">Accumulo</project>
                    <description>&lt;p&gt;I was trying to run continuous ingest test, but run into an error:&lt;/p&gt;

&lt;p&gt;In start-ingest.sh, DEBUG_OPT is set to use -debug, but that is to turn logs on-off.&lt;br/&gt;
When calling pssh command, it is used to set where to log. It will not run, and in the .out log it will just write the usage:&lt;/p&gt;

&lt;p&gt;Usage: org.apache.accumulo.test.continuous.ContinuousIngest &lt;span class=&quot;error&quot;&gt;&amp;#91;options&amp;#93;&lt;/span&gt;&lt;br/&gt;
  Options:&lt;br/&gt;
  &lt;span class=&quot;error&quot;&gt;&amp;#91;..&amp;#93;&lt;/span&gt;&lt;br/&gt;
    --debug&lt;br/&gt;
       turn on TRACE-level log messages&lt;br/&gt;
       Default: false&lt;br/&gt;
    --debugLog&lt;br/&gt;
       file to write debugging output&lt;/p&gt;</description>
                <environment></environment>
        <key id="13185852">ACCUMULO-4855</key>
            <summary>Parameter error in start-ingest.sh</summary>
                <type id="1" iconUrl="https://issues.apache.org/jira/secure/viewavatar?size=xsmall&amp;avatarId=21133&amp;avatarType=issuetype">Bug</type>
                                            <priority id="3" iconUrl="https://issues.apache.org/jira/images/icons/priorities/major.svg">Major</priority>
                        <status id="5" iconUrl="https://issues.apache.org/jira/images/icons/statuses/resolved.png" description="A resolution has been taken, and it is awaiting verification by reporter. From here issues are either reopened, or are closed.">Resolved</status>
                    <statusCategory id="3" key="done" colorName="green"/>
                                    <resolution id="3">Duplicate</resolution>
                                        <assignee username="-1">Unassigned</assignee>
                                    <reporter username="nkalmar">Norbert Kalm&#225;r</reporter>
                        <labels>
                            <label>pull-request-available</label>
                    </labels>
                <created>Tue, 18 Sep 2018 16:52:37 +0000</created>
                <updated>Tue, 18 Sep 2018 16:57:50 +0000</updated>
                            <resolved>Tue, 18 Sep 2018 16:57:50 +0000</resolved>
                                    <version>1.9.0</version>
                                                    <component>scripts</component>
                    <component>test</component>
                        <due></due>
                            <votes>0</votes>
                                    <watches>2</watches>
                                            <timeestimate seconds="0">0h</timeestimate>
                            <timespent seconds="600">10m</timespent>
                                <comments>
                            <comment id="16619396" author="nkalmar" created="Tue, 18 Sep 2018 16:57:06 +0000"  >&lt;p&gt;I&apos;ve made a PR:&lt;br/&gt;
&lt;a href=&quot;https://github.com/apache/accumulo/pull/651&quot; class=&quot;external-link&quot; rel=&quot;nofollow&quot;&gt;https://github.com/apache/accumulo/pull/651&lt;/a&gt;&lt;/p&gt;</comment>
                            <comment id="16619397" author="busbey" created="Tue, 18 Sep 2018 16:57:50 +0000"  >&lt;p&gt;handled via GH PR #651&lt;/p&gt;</comment>
                    </comments>
                    <attachments>
                    </attachments>
                <subtasks>
                    </subtasks>
                <customfields>
                                                                            <customfield id="customfield_12310310" key="com.atlassian.jira.toolkit:attachments">
                        <customfieldname>Attachment count</customfieldname>
                        <customfieldvalues>
                            <customfieldvalue>0.0</customfieldvalue>
                        </customfieldvalues>
                    </customfield>
                                                                                                                                                                                                                                                                                                                                                                                                                                                                                                                                                                                                                                                                                                        <customfield id="customfield_12310220" key="com.atlassian.jira.ext.charting:firstresponsedate">
                        <customfieldname>Date of First Response</customfieldname>
                        <customfieldvalues>
                            <customfieldvalue>Tue, 18 Sep 2018 16:57:50 +0000</customfieldvalue>

                        </customfieldvalues>
                    </customfield>
                                                                <customfield id="customfield_12314020" key="com.atlassian.jira.plugins.jira-development-integration-plugin:devsummary">
                        <customfieldname>Development</customfieldname>
                        <customfieldvalues>
                            
                        </customfieldvalues>
                    </customfield>
                                                                                                                        <customfield id="customfield_12313422" key="com.atlassian.jirafisheyeplugin:jobcheckbox">
                        <customfieldname>Enable Automatic Patch Review</customfieldname>
                        <customfieldvalues>
                            <customfieldvalue><![CDATA[false]]></customfieldvalue>

                        </customfieldvalues>
                    </customfield>
                                                                                                                                                                                                                                                                                                                                                                                                                                                                                                                                                                                                                                                <customfield id="customfield_12310420" key="com.pyxis.greenhopper.jira:gh-global-rank">
                        <customfieldname>Global Rank</customfieldname>
                        <customfieldvalues>
                            <customfieldvalue>9223372036854775807</customfieldvalue>
                        </customfieldvalues>
                    </customfield>
                                                                                                                                                                                                            <customfield id="customfield_12312521" key="com.atlassian.jira.toolkit:LastCommentDate">
                        <customfieldname>Last public comment date</customfieldname>
                        <customfieldvalues>
                            1 year, 21 weeks, 5 days ago
                        </customfieldvalues>
                    </customfield>
                                                                                                                                                                                                            <customfield id="customfield_12311820" key="com.pyxis.greenhopper.jira:gh-lexo-rank">
                        <customfieldname>Rank</customfieldname>
                        <customfieldvalues>
                            <customfieldvalue>0|i3y7y7:</customfieldvalue>

                        </customfieldvalues>
                    </customfield>
                                                                <customfield id="customfield_12310920" key="com.pyxis.greenhopper.jira:gh-global-rank">
                        <customfieldname>Rank (Obsolete)</customfieldname>
                        <customfieldvalues>
                            <customfieldvalue>9223372036854775807</customfieldvalue>
                        </customfieldvalues>
                    </customfield>
                                                                                                                                                                                                                                                                                                                                                                                                                                                                                                                                                                                                                                                                            <customfield id="customfield_12310222" key="com.atlassian.jira.ext.charting:timeinstatus">
                        <customfieldname>Time in Status</customfieldname>
                        <customfieldvalues>
                            
                        </customfieldvalues>
                    </customfield>
                                                                                            </customfields>
    </item>
</channel>
</rss>