<!--
RSS generated by JIRA (8.3.4#803005-sha1:1f96e09b3c60279a408a2ae47be3c745f571388b) at Mon Feb 17 08:24:31 UTC 2020

It is possible to restrict the fields that are returned in this document by specifying the 'field' parameter in your request.
For example, to request only the issue key and summary append 'field=key&field=summary' to the URL of your request.
-->
<!-- If you wish to do custom client-side styling of RSS, uncomment this:
<?xml-stylesheet href="https://issues.apache.org/jira/styles/jiraxml2html.xsl" type="text/xsl"?>
-->
<rss version="0.92">
    <channel>
        <title>ASF JIRA</title>
        <link>https://issues.apache.org/jira/issues/?jql=project+%3D+ACCUMULO+AND+issuetype+%3D+Bug+AND+created+%3E%3D+2017-09-01+AND+created+%3C%3D+2017-10-01</link>
        <description>An XML representation of a search request</description>
                <language>en-uk</language>
                        <issue start="0" end="5" total="5"/>
                <build-info>
            <version>8.3.4</version>
            <build-number>803005</build-number>
            <build-date>13-09-2019</build-date>
        </build-info>

<item>
            <title>[ACCUMULO-4711] Merge &apos;Features&apos; &amp; &apos;Glossary&apos; into 2.0 documentation </title>
                <link>https://issues.apache.org/jira/browse/ACCUMULO-4711</link>
                <project id="12312121" key="ACCUMULO">Accumulo</project>
                    <description>&lt;p&gt;When Accumulo 2.0 is released, the &apos;Features&apos; &amp;amp; &apos;Glossary&apos; pages could become pages under &apos;Getting Started&apos; tab in the documentation. &lt;/p&gt;</description>
                <environment></environment>
        <key id="13105106">ACCUMULO-4711</key>
            <summary>Merge &apos;Features&apos; &amp; &apos;Glossary&apos; into 2.0 documentation </summary>
                <type id="1" iconUrl="https://issues.apache.org/jira/secure/viewavatar?size=xsmall&amp;avatarId=21133&amp;avatarType=issuetype">Bug</type>
                                            <priority id="3" iconUrl="https://issues.apache.org/jira/images/icons/priorities/major.svg">Major</priority>
                        <status id="5" iconUrl="https://issues.apache.org/jira/images/icons/statuses/resolved.png" description="A resolution has been taken, and it is awaiting verification by reporter. From here issues are either reopened, or are closed.">Resolved</status>
                    <statusCategory id="3" key="done" colorName="green"/>
                                    <resolution id="3">Duplicate</resolution>
                                        <assignee username="-1">Unassigned</assignee>
                                    <reporter username="mikewalch">Mike Walch</reporter>
                        <labels>
                    </labels>
                <created>Tue, 26 Sep 2017 14:43:35 +0000</created>
                <updated>Fri, 23 Mar 2018 21:54:47 +0000</updated>
                            <resolved>Fri, 23 Mar 2018 21:54:47 +0000</resolved>
                                    <version>2.0.0</version>
                                                    <component>website</component>
                        <due></due>
                            <votes>0</votes>
                                    <watches>2</watches>
                                                                <comments>
                            <comment id="16412158" author="mikewalch" created="Fri, 23 Mar 2018 21:54:47 +0000"  >&lt;p&gt;Moved to GitHub&lt;/p&gt;</comment>
                    </comments>
                    <attachments>
                    </attachments>
                <subtasks>
                    </subtasks>
                <customfields>
                                                                            <customfield id="customfield_12310310" key="com.atlassian.jira.toolkit:attachments">
                        <customfieldname>Attachment count</customfieldname>
                        <customfieldvalues>
                            <customfieldvalue>0.0</customfieldvalue>
                        </customfieldvalues>
                    </customfield>
                                                                                                                                                                                                                                                                                                                                                                                                                                                                                                                                                                                                                                                                                                                                    <customfield id="customfield_12314020" key="com.atlassian.jira.plugins.jira-development-integration-plugin:devsummary">
                        <customfieldname>Development</customfieldname>
                        <customfieldvalues>
                            
                        </customfieldvalues>
                    </customfield>
                                                                                                                        <customfield id="customfield_12313422" key="com.atlassian.jirafisheyeplugin:jobcheckbox">
                        <customfieldname>Enable Automatic Patch Review</customfieldname>
                        <customfieldvalues>
                            <customfieldvalue><![CDATA[false]]></customfieldvalue>

                        </customfieldvalues>
                    </customfield>
                                                                                                                                                                                                                                                                                                                                                                                                                                                                                                                                                                                                                                                <customfield id="customfield_12310420" key="com.pyxis.greenhopper.jira:gh-global-rank">
                        <customfieldname>Global Rank</customfieldname>
                        <customfieldvalues>
                            <customfieldvalue>9223372036854775807</customfieldvalue>
                        </customfieldvalues>
                    </customfield>
                                                                                                                                                                                                            <customfield id="customfield_12312521" key="com.atlassian.jira.toolkit:LastCommentDate">
                        <customfieldname>Last public comment date</customfieldname>
                        <customfieldvalues>
                            1 year, 47 weeks, 2 days ago
                        </customfieldvalues>
                    </customfield>
                                                                                                                                                                                                            <customfield id="customfield_12311820" key="com.pyxis.greenhopper.jira:gh-lexo-rank">
                        <customfieldname>Rank</customfieldname>
                        <customfieldvalues>
                            <customfieldvalue>0|i3kjzj:</customfieldvalue>

                        </customfieldvalues>
                    </customfield>
                                                                <customfield id="customfield_12310920" key="com.pyxis.greenhopper.jira:gh-global-rank">
                        <customfieldname>Rank (Obsolete)</customfieldname>
                        <customfieldvalues>
                            <customfieldvalue>9223372036854775807</customfieldvalue>
                        </customfieldvalues>
                    </customfield>
                                                                                                                                                                                                                                                                                                                                                                                                                                                                                                                                                                                                                                                                            <customfield id="customfield_12310222" key="com.atlassian.jira.ext.charting:timeinstatus">
                        <customfieldname>Time in Status</customfieldname>
                        <customfieldvalues>
                            
                        </customfieldvalues>
                    </customfield>
                                                                                            </customfields>
    </item>


<item>
            <title>[ACCUMULO-4708] Limit RFile block size to 2GB</title>
                <link>https://issues.apache.org/jira/browse/ACCUMULO-4708</link>
                <project id="12312121" key="ACCUMULO">Accumulo</project>
                    <description>&lt;p&gt;In core/file/rfile/bcfile/BCFile.java, the block size is determined by the size of a DataOutputStream, which returns an int. The javadoc for size() states &quot;If the counter overflows, it will be wrapped to Integer.MAX_VALUE.&quot;  &lt;/p&gt;

&lt;p&gt;This can be a problem when RFiles are saving block regions, because Accumulo has no way of knowing how large the block actually is when the size is Integer.MAX_VALUE.  &lt;/p&gt;

&lt;p&gt;To fix this, a check can be put in to throw an exception if Integer.MAX_VALUE bytes (or more) have been written.  A check can also be made when appending to the block to make sure the key/value won&apos;t create a block that is too large.&lt;/p&gt;

&lt;p&gt;A check should also be made when reading in TABLE_FILE_COMPRESSED_BLOCK_SIZE and TABLE_FILE_COMPRESSED_BLOCK_SIZE_INDEX to make sure nobody mistakenly configures larger than Integer.MAX_VALUE.&lt;/p&gt;</description>
                <environment></environment>
        <key id="13102571">ACCUMULO-4708</key>
            <summary>Limit RFile block size to 2GB</summary>
                <type id="1" iconUrl="https://issues.apache.org/jira/secure/viewavatar?size=xsmall&amp;avatarId=21133&amp;avatarType=issuetype">Bug</type>
                                            <priority id="3" iconUrl="https://issues.apache.org/jira/images/icons/priorities/major.svg">Major</priority>
                        <status id="5" iconUrl="https://issues.apache.org/jira/images/icons/statuses/resolved.png" description="A resolution has been taken, and it is awaiting verification by reporter. From here issues are either reopened, or are closed.">Resolved</status>
                    <statusCategory id="3" key="done" colorName="green"/>
                                    <resolution id="1">Fixed</resolution>
                                        <assignee username="PircDef">Nick Felts</assignee>
                                    <reporter username="PircDef">Nick Felts</reporter>
                        <labels>
                            <label>pull-request-available</label>
                    </labels>
                <created>Fri, 15 Sep 2017 13:42:09 +0000</created>
                <updated>Fri, 23 Feb 2018 00:00:12 +0000</updated>
                            <resolved>Fri, 23 Feb 2018 00:00:12 +0000</resolved>
                                                    <fixVersion>2.0.0</fixVersion>
                                    <component>core</component>
                        <due></due>
                            <votes>1</votes>
                                    <watches>3</watches>
                                            <timeestimate seconds="187800">52h 10m</timeestimate>
                            <timespent seconds="14400">4h</timespent>
                                <comments>
                            <comment id="16170326" author="kturner" created="Mon, 18 Sep 2017 17:16:30 +0000"  >&lt;p&gt;I think it would be good to open another issue to investigate how mutation handles really large puts and add sanity checks as needed. I took a quick look at the code and I don&apos;t think it would handle it well in some cases.&lt;/p&gt;</comment>
                            <comment id="16171853" author="pircdef" created="Tue, 19 Sep 2017 15:05:20 +0000"  >&lt;p&gt;I created a couple local unit tests for the changes. They expected exceptions when the key was too large or when a key/value pair was too large.&lt;/p&gt;

&lt;p&gt;Because we are talking about large byte arrays, I had to edit the pom.xml to increase the Xmx from 1G to 6G. I&apos;m can add the tests along with the change, but it was a large increase to the required heap space for the tests.&lt;/p&gt;

&lt;p&gt;Does anyone have thoughts on this?&lt;/p&gt;</comment>
                            <comment id="16171953" author="kturner" created="Tue, 19 Sep 2017 16:08:30 +0000"  >&lt;blockquote&gt;
&lt;p&gt;I had to edit the pom.xml to increase the Xmx from 1G to 6G&lt;/p&gt;&lt;/blockquote&gt;

&lt;p&gt;Seems like 6G may break travis-ci.  The following documentation states that builds using over 3GB may be killed.&lt;/p&gt;

&lt;p&gt;&lt;a href=&quot;https://docs.travis-ci.com/user/common-build-problems/&quot; class=&quot;external-link&quot; rel=&quot;nofollow&quot;&gt;https://docs.travis-ci.com/user/common-build-problems/&lt;/a&gt;&lt;/p&gt;

&lt;p&gt;Not sure what the limit on jenkins is.&lt;/p&gt;</comment>
                            <comment id="16172410" author="ctubbsii" created="Tue, 19 Sep 2017 22:06:20 +0000"  >&lt;p&gt;&lt;a href=&quot;https://issues.apache.org/jira/secure/ViewProfile.jspa?name=PircDef&quot; class=&quot;user-hover&quot; rel=&quot;PircDef&quot;&gt;Nick Felts&lt;/a&gt; You could leave the unit test in, but then restrict the test with JUnit, so that it only runs &lt;b&gt;IF&lt;/b&gt; the available HEAP is large enough using &lt;tt&gt;Assume.assumeThat(...)&lt;/tt&gt;.&lt;/p&gt;</comment>
                            <comment id="16247538" author="ctubbsii" created="Fri, 10 Nov 2017 14:07:18 +0000"  >&lt;p&gt;I think this was merged and can now be closed, but I&apos;m not sure if the fixVersions are accurate (I&apos;m unable to check which branches this has been merged into at the moment). Did it just end up getting in master, or was it also merged into 1.7/1.8 branches?&lt;/p&gt;</comment>
                            <comment id="16373711" author="ctubbsii" created="Fri, 23 Feb 2018 00:00:12 +0000"  >&lt;p&gt;Closing this. It was merged into the master/2.0 branch.&lt;/p&gt;</comment>
                    </comments>
                <issuelinks>
                            <issuelinktype id="10030">
                    <name>Reference</name>
                                                                <inwardlinks description="is related to">
                                        <issuelink>
            <issuekey id="13104389">ACCUMULO-4709</issuekey>
        </issuelink>
                            </inwardlinks>
                                    </issuelinktype>
                    </issuelinks>
                <attachments>
                    </attachments>
                <subtasks>
                    </subtasks>
                <customfields>
                                                                            <customfield id="customfield_12310310" key="com.atlassian.jira.toolkit:attachments">
                        <customfieldname>Attachment count</customfieldname>
                        <customfieldvalues>
                            <customfieldvalue>0.0</customfieldvalue>
                        </customfieldvalues>
                    </customfield>
                                                                                                                                                                                                                                                                                                                                                                                                                                                                                                                                                                                                                                                                                                        <customfield id="customfield_12310220" key="com.atlassian.jira.ext.charting:firstresponsedate">
                        <customfieldname>Date of First Response</customfieldname>
                        <customfieldvalues>
                            <customfieldvalue>Mon, 18 Sep 2017 17:16:30 +0000</customfieldvalue>

                        </customfieldvalues>
                    </customfield>
                                                                <customfield id="customfield_12314020" key="com.atlassian.jira.plugins.jira-development-integration-plugin:devsummary">
                        <customfieldname>Development</customfieldname>
                        <customfieldvalues>
                            
                        </customfieldvalues>
                    </customfield>
                                                                                                                        <customfield id="customfield_12313422" key="com.atlassian.jirafisheyeplugin:jobcheckbox">
                        <customfieldname>Enable Automatic Patch Review</customfieldname>
                        <customfieldvalues>
                            <customfieldvalue><![CDATA[false]]></customfieldvalue>

                        </customfieldvalues>
                    </customfield>
                                                                                                                                                                                                                                                                                                                                                                                                                                                                                                                                                                                                                                                <customfield id="customfield_12310420" key="com.pyxis.greenhopper.jira:gh-global-rank">
                        <customfieldname>Global Rank</customfieldname>
                        <customfieldvalues>
                            <customfieldvalue>9223372036854775807</customfieldvalue>
                        </customfieldvalues>
                    </customfield>
                                                                                                                                                                                                            <customfield id="customfield_12312521" key="com.atlassian.jira.toolkit:LastCommentDate">
                        <customfieldname>Last public comment date</customfieldname>
                        <customfieldvalues>
                            1 year, 51 weeks, 3 days ago
                        </customfieldvalues>
                    </customfield>
                                                                                                                                                                                                            <customfield id="customfield_12311820" key="com.pyxis.greenhopper.jira:gh-lexo-rank">
                        <customfieldname>Rank</customfieldname>
                        <customfieldvalues>
                            <customfieldvalue>0|i3k4fb:</customfieldvalue>

                        </customfieldvalues>
                    </customfield>
                                                                <customfield id="customfield_12310920" key="com.pyxis.greenhopper.jira:gh-global-rank">
                        <customfieldname>Rank (Obsolete)</customfieldname>
                        <customfieldvalues>
                            <customfieldvalue>9223372036854775807</customfieldvalue>
                        </customfieldvalues>
                    </customfield>
                                                                                                                                                                                                                                                                                                                                                                                                                                                                                                                                                                                                                                                                            <customfield id="customfield_12310222" key="com.atlassian.jira.ext.charting:timeinstatus">
                        <customfieldname>Time in Status</customfieldname>
                        <customfieldvalues>
                            
                        </customfieldvalues>
                    </customfield>
                                                                                            </customfields>
    </item>


<item>
            <title>[ACCUMULO-4702] Use of Beta or deprecated Guava methods</title>
                <link>https://issues.apache.org/jira/browse/ACCUMULO-4702</link>
                <project id="12312121" key="ACCUMULO">Accumulo</project>
                    <description>&lt;p&gt;Google releases Guava with beta and deprecated code that should not be used.  From Guava README:&lt;/p&gt;
&lt;blockquote&gt;&lt;p&gt;If your code is a library itself (i.e. it is used on the CLASSPATH of users outside your own control), you should not use beta API&lt;/p&gt;&lt;/blockquote&gt;</description>
                <environment></environment>
        <key id="13101287">ACCUMULO-4702</key>
            <summary>Use of Beta or deprecated Guava methods</summary>
                <type id="1" iconUrl="https://issues.apache.org/jira/secure/viewavatar?size=xsmall&amp;avatarId=21133&amp;avatarType=issuetype">Bug</type>
                                            <priority id="3" iconUrl="https://issues.apache.org/jira/images/icons/priorities/major.svg">Major</priority>
                        <status id="5" iconUrl="https://issues.apache.org/jira/images/icons/statuses/resolved.png" description="A resolution has been taken, and it is awaiting verification by reporter. From here issues are either reopened, or are closed.">Resolved</status>
                    <statusCategory id="3" key="done" colorName="green"/>
                                    <resolution id="1">Fixed</resolution>
                                        <assignee username="milleruntime">Michael Miller</assignee>
                                    <reporter username="milleruntime">Michael Miller</reporter>
                        <labels>
                            <label>pull-request-available</label>
                    </labels>
                <created>Mon, 11 Sep 2017 14:46:07 +0000</created>
                <updated>Tue, 23 Apr 2019 16:13:05 +0000</updated>
                            <resolved>Tue, 13 Feb 2018 18:28:57 +0000</resolved>
                                                    <fixVersion>1.7.4</fixVersion>
                    <fixVersion>1.9.0</fixVersion>
                                        <due></due>
                            <votes>0</votes>
                                    <watches>2</watches>
                                            <timeestimate seconds="0">0h</timeestimate>
                            <timespent seconds="21600">6h</timespent>
                                <comments>
                            <comment id="16161819" author="ctubbsii" created="Mon, 11 Sep 2017 19:14:02 +0000"  >&lt;p&gt;To prevent the use of beta classes from Guava, we could create a regex rule in checkstyle to ban any Guava imports that aren&apos;t in the vetted list. And, we should check everything we&apos;re currently using from Guava to ensure it&apos;s not marked beta. If a new Guava class is used in an import statement, we can explicitly check if it&apos;s beta and then add it to the vetted list in the regex.&lt;/p&gt;

&lt;p&gt;This is not an ideal solution, but we need to do something to avoid beta classes.&lt;/p&gt;</comment>
                            <comment id="16284244" author="milleruntime" created="Fri, 8 Dec 2017 21:25:50 +0000"  >&lt;p&gt;I built the &lt;a href=&quot;https://github.com/overstock/library-detectors&quot; class=&quot;external-link&quot; rel=&quot;nofollow&quot;&gt;library-detectors&lt;/a&gt; findbugs plugin locally (they updated to 1.2 but haven&apos;t released to maven central yet) and configured it to skip all the Beta classes.  This was basically a test to create a list of all the Beta classes remaining in Accumulo 2.0.  Here is what I came up:&lt;/p&gt;
&lt;div class=&quot;code panel&quot; style=&quot;border-width: 1px;&quot;&gt;&lt;div class=&quot;codeContent panelContent&quot;&gt;
&lt;pre class=&quot;code-xml&quot;&gt;
&lt;span class=&quot;code-tag&quot;&gt;&amp;lt;jvmArgs&amp;gt;&lt;/span&gt;-Dcom.overstock.findbugs.ignore=
com.google.common.util.concurrent.RateLimiter,
com.google.common.hash.Hasher,
com.google.common.hash.HashCode,
com.google.common.hash.HashFunction,
com.google.common.hash.Hashing,
com.google.common.cache.Cache,
com.google.common.io.CountingOutputStream,
com.google.common.io.ByteStreams,
com.google.common.cache.LoadingCache,
com.google.common.base.Stopwatch,
com.google.common.cache.RemovalNotification,
com.google.common.util.concurrent.Uninterruptibles,
com.google.common.reflect.ClassPath,
com.google.common.reflect.ClassPath$ClassInfo,
com.google.common.base.Throwables
&lt;span class=&quot;code-tag&quot;&gt;&amp;lt;/jvmArgs&amp;gt;&lt;/span&gt;
&lt;/pre&gt;
&lt;/div&gt;&lt;/div&gt;</comment>
                            <comment id="16362841" author="milleruntime" created="Tue, 13 Feb 2018 18:28:23 +0000"  >&lt;p&gt;I think we have done as much as we can for now.  We took the modest approach of fixing Guava Beta that has been dropped, replacing simple uses and adding the plugin to detect any new Beta classes introduced in future versions.&lt;/p&gt;</comment>
                    </comments>
                <issuelinks>
                            <issuelinktype id="10030">
                    <name>Reference</name>
                                            <outwardlinks description="relates to">
                                        <issuelink>
            <issuekey id="13104918">ACCUMULO-4710</issuekey>
        </issuelink>
                            </outwardlinks>
                                                                <inwardlinks description="is related to">
                                        <issuelink>
            <issuekey id="13100708">ACCUMULO-4701</issuekey>
        </issuelink>
            <issuelink>
            <issuekey id="13101368">ACCUMULO-4704</issuekey>
        </issuelink>
                            </inwardlinks>
                                    </issuelinktype>
                    </issuelinks>
                <attachments>
                    </attachments>
                <subtasks>
                    </subtasks>
                <customfields>
                                                                            <customfield id="customfield_12310310" key="com.atlassian.jira.toolkit:attachments">
                        <customfieldname>Attachment count</customfieldname>
                        <customfieldvalues>
                            <customfieldvalue>0.0</customfieldvalue>
                        </customfieldvalues>
                    </customfield>
                                                                                                                                                                                                                                                                                                                                                                                                                                                                                                                                                                                                                                                                                                        <customfield id="customfield_12310220" key="com.atlassian.jira.ext.charting:firstresponsedate">
                        <customfieldname>Date of First Response</customfieldname>
                        <customfieldvalues>
                            <customfieldvalue>Mon, 11 Sep 2017 19:14:02 +0000</customfieldvalue>

                        </customfieldvalues>
                    </customfield>
                                                                <customfield id="customfield_12314020" key="com.atlassian.jira.plugins.jira-development-integration-plugin:devsummary">
                        <customfieldname>Development</customfieldname>
                        <customfieldvalues>
                            
                        </customfieldvalues>
                    </customfield>
                                                                                                                        <customfield id="customfield_12313422" key="com.atlassian.jirafisheyeplugin:jobcheckbox">
                        <customfieldname>Enable Automatic Patch Review</customfieldname>
                        <customfieldvalues>
                            <customfieldvalue><![CDATA[false]]></customfieldvalue>

                        </customfieldvalues>
                    </customfield>
                                                                                                                                                                                                                                                                                                                                                                                                                                                                                                                                                                                                                                                <customfield id="customfield_12310420" key="com.pyxis.greenhopper.jira:gh-global-rank">
                        <customfieldname>Global Rank</customfieldname>
                        <customfieldvalues>
                            <customfieldvalue>9223372036854775807</customfieldvalue>
                        </customfieldvalues>
                    </customfield>
                                                                                                                                                                                                            <customfield id="customfield_12312521" key="com.atlassian.jira.toolkit:LastCommentDate">
                        <customfieldname>Last public comment date</customfieldname>
                        <customfieldvalues>
                            2 years, 5 days ago
                        </customfieldvalues>
                    </customfield>
                                                                                                                                                                                                            <customfield id="customfield_12311820" key="com.pyxis.greenhopper.jira:gh-lexo-rank">
                        <customfieldname>Rank</customfieldname>
                        <customfieldvalues>
                            <customfieldvalue>0|i3jwlz:</customfieldvalue>

                        </customfieldvalues>
                    </customfield>
                                                                <customfield id="customfield_12310920" key="com.pyxis.greenhopper.jira:gh-global-rank">
                        <customfieldname>Rank (Obsolete)</customfieldname>
                        <customfieldvalues>
                            <customfieldvalue>9223372036854775807</customfieldvalue>
                        </customfieldvalues>
                    </customfield>
                                                                                                                                                                                                                                                                                                                                                                                                                                                                                                                                                                                                                                                                            <customfield id="customfield_12310222" key="com.atlassian.jira.ext.charting:timeinstatus">
                        <customfieldname>Time in Status</customfieldname>
                        <customfieldvalues>
                            
                        </customfieldvalues>
                    </customfield>
                                                                                            </customfields>
    </item>


<item>
            <title>[ACCUMULO-4700] Log4j appender to threshold is set to INFO in multiple files</title>
                <link>https://issues.apache.org/jira/browse/ACCUMULO-4700</link>
                <project id="12312121" key="ACCUMULO">Accumulo</project>
                    <description>&lt;p&gt;The log4j file appender threshold is set to INFO.  This is unnecessary as the rootLogger is set to INFO.  The default level should instead be ALL.&lt;/p&gt;</description>
                <environment></environment>
        <key id="13099857">ACCUMULO-4700</key>
            <summary>Log4j appender to threshold is set to INFO in multiple files</summary>
                <type id="1" iconUrl="https://issues.apache.org/jira/secure/viewavatar?size=xsmall&amp;avatarId=21133&amp;avatarType=issuetype">Bug</type>
                                            <priority id="4" iconUrl="https://issues.apache.org/jira/images/icons/priorities/minor.svg">Minor</priority>
                        <status id="5" iconUrl="https://issues.apache.org/jira/images/icons/statuses/resolved.png" description="A resolution has been taken, and it is awaiting verification by reporter. From here issues are either reopened, or are closed.">Resolved</status>
                    <statusCategory id="3" key="done" colorName="green"/>
                                    <resolution id="1">Fixed</resolution>
                                        <assignee username="mikewalch">Mike Walch</assignee>
                                    <reporter username="mikewalch">Mike Walch</reporter>
                        <labels>
                    </labels>
                <created>Tue, 5 Sep 2017 14:38:29 +0000</created>
                <updated>Wed, 6 Sep 2017 23:18:01 +0000</updated>
                            <resolved>Wed, 6 Sep 2017 23:18:01 +0000</resolved>
                                                    <fixVersion>2.0.0</fixVersion>
                                    <component>logger</component>
                        <due></due>
                            <votes>0</votes>
                                    <watches>2</watches>
                                            <timeestimate seconds="0">0h</timeestimate>
                            <timespent seconds="3600">1h</timespent>
                                <comments>
                            <comment id="16156182" author="ctubbsii" created="Wed, 6 Sep 2017 23:18:01 +0000"  >&lt;p&gt;Closing this, since it was merged.&lt;/p&gt;</comment>
                    </comments>
                    <attachments>
                    </attachments>
                <subtasks>
                    </subtasks>
                <customfields>
                                                                            <customfield id="customfield_12310310" key="com.atlassian.jira.toolkit:attachments">
                        <customfieldname>Attachment count</customfieldname>
                        <customfieldvalues>
                            <customfieldvalue>0.0</customfieldvalue>
                        </customfieldvalues>
                    </customfield>
                                                                                                                                                                                                                                                                                                                                                                                                                                                                                                                                                                                                                                                                                                        <customfield id="customfield_12310220" key="com.atlassian.jira.ext.charting:firstresponsedate">
                        <customfieldname>Date of First Response</customfieldname>
                        <customfieldvalues>
                            <customfieldvalue>Wed, 6 Sep 2017 23:18:01 +0000</customfieldvalue>

                        </customfieldvalues>
                    </customfield>
                                                                <customfield id="customfield_12314020" key="com.atlassian.jira.plugins.jira-development-integration-plugin:devsummary">
                        <customfieldname>Development</customfieldname>
                        <customfieldvalues>
                            
                        </customfieldvalues>
                    </customfield>
                                                                                                                        <customfield id="customfield_12313422" key="com.atlassian.jirafisheyeplugin:jobcheckbox">
                        <customfieldname>Enable Automatic Patch Review</customfieldname>
                        <customfieldvalues>
                            <customfieldvalue><![CDATA[false]]></customfieldvalue>

                        </customfieldvalues>
                    </customfield>
                                                                                                                                                                                                                                                                                                                                                                                                                                                                                                                                                                                                                                                <customfield id="customfield_12310420" key="com.pyxis.greenhopper.jira:gh-global-rank">
                        <customfieldname>Global Rank</customfieldname>
                        <customfieldvalues>
                            <customfieldvalue>9223372036854775807</customfieldvalue>
                        </customfieldvalues>
                    </customfield>
                                                                                                                                                                                                            <customfield id="customfield_12312521" key="com.atlassian.jira.toolkit:LastCommentDate">
                        <customfieldname>Last public comment date</customfieldname>
                        <customfieldvalues>
                            2 years, 23 weeks, 4 days ago
                        </customfieldvalues>
                    </customfield>
                                                                                                                                                                                                            <customfield id="customfield_12311820" key="com.pyxis.greenhopper.jira:gh-lexo-rank">
                        <customfieldname>Rank</customfieldname>
                        <customfieldvalues>
                            <customfieldvalue>0|i3jnrb:</customfieldvalue>

                        </customfieldvalues>
                    </customfield>
                                                                <customfield id="customfield_12310920" key="com.pyxis.greenhopper.jira:gh-global-rank">
                        <customfieldname>Rank (Obsolete)</customfieldname>
                        <customfieldvalues>
                            <customfieldvalue>9223372036854775807</customfieldvalue>
                        </customfieldvalues>
                    </customfield>
                                                                                                                                                                                                                                                                                                                                                                                                                                                                                                                                                                                                                                                                            <customfield id="customfield_12310222" key="com.atlassian.jira.ext.charting:timeinstatus">
                        <customfieldname>Time in Status</customfieldname>
                        <customfieldvalues>
                            
                        </customfieldvalues>
                    </customfield>
                                                                                            </customfields>
    </item>


<item>
            <title>[ACCUMULO-4699] Map in SequentialWorkAssigner uses two different keys</title>
                <link>https://issues.apache.org/jira/browse/ACCUMULO-4699</link>
                <project id="12312121" key="ACCUMULO">Accumulo</project>
                    <description>&lt;p&gt;SequentialWorkAssigner has a map used for tracking replication work called queuedWorkByPeerName which it quite clearly uses peerName as the key.  There is a line of code in the initializeQueuedWork() method which does a put on the queuedWorkByPeerName map but uses tableId as the key.&lt;/p&gt;

&lt;p&gt;This is a simple code fix but I created a ticket here as it could have further implications on the replication process.&lt;/p&gt;</description>
                <environment></environment>
        <key id="13099269">ACCUMULO-4699</key>
            <summary>Map in SequentialWorkAssigner uses two different keys</summary>
                <type id="1" iconUrl="https://issues.apache.org/jira/secure/viewavatar?size=xsmall&amp;avatarId=21133&amp;avatarType=issuetype">Bug</type>
                                            <priority id="3" iconUrl="https://issues.apache.org/jira/images/icons/priorities/major.svg">Major</priority>
                        <status id="5" iconUrl="https://issues.apache.org/jira/images/icons/statuses/resolved.png" description="A resolution has been taken, and it is awaiting verification by reporter. From here issues are either reopened, or are closed.">Resolved</status>
                    <statusCategory id="3" key="done" colorName="green"/>
                                    <resolution id="1">Fixed</resolution>
                                        <assignee username="milleruntime">Michael Miller</assignee>
                                    <reporter username="milleruntime">Michael Miller</reporter>
                        <labels>
                    </labels>
                <created>Fri, 1 Sep 2017 16:45:24 +0000</created>
                <updated>Tue, 23 Apr 2019 16:12:50 +0000</updated>
                            <resolved>Wed, 6 Sep 2017 15:20:56 +0000</resolved>
                                    <version>1.7.3</version>
                    <version>1.8.1</version>
                                    <fixVersion>1.7.4</fixVersion>
                    <fixVersion>1.9.0</fixVersion>
                                    <component>replication</component>
                        <due></due>
                            <votes>0</votes>
                                    <watches>3</watches>
                                            <timeestimate seconds="0">0h</timeestimate>
                            <timespent seconds="10200">2h 50m</timespent>
                                <comments>
                            <comment id="16150820" author="milleruntime" created="Fri, 1 Sep 2017 16:52:17 +0000"  >&lt;p&gt;From &lt;a href=&quot;https://issues.apache.org/jira/secure/ViewProfile.jspa?name=elserj&quot; class=&quot;user-hover&quot; rel=&quot;elserj&quot;&gt;Josh Elser&lt;/a&gt;:&lt;br/&gt;
This part of the code is meant to handle the case when the active master changes while there data out to be replicated. The Master should initialize itself with the current state of ZooKeeper to know what has already been assigned out for replication (by the previous active Master).&lt;br/&gt;
I can see that this bug would result in the Master holding onto some memory that it would never free (in the Map), and it would result in the Master trying to submit it back out to the cluster. However, I think eventually the Master (or TabletServer which took the work task) would see that there is no more work to be done and eventually clean up the record.&lt;br/&gt;
I believe, by nature of the DistributedWorkQueue, there is sufficient exclusion to prevent two TabletServers from concurrently trying to replicate the same WAL. However, I believe the worst case would be that we inadvertently replicate the entire WAL twice.&lt;/p&gt;</comment>
                            <comment id="16150823" author="milleruntime" created="Fri, 1 Sep 2017 16:52:40 +0000"  >&lt;p&gt;Josh Elser Could this be causing periodic time out of CyclicReplicationIT?&lt;br/&gt;
&lt;a href=&quot;https://jenkins.revelc.net/job/Accumulo-2.0-ITs/lastBuild/org.apache.accumulo$accumulo-test/testReport/org.apache.accumulo.test.replication/CyclicReplicationIT/dataIsNotOverReplicated/&quot; class=&quot;external-link&quot; rel=&quot;nofollow&quot;&gt;https://jenkins.revelc.net/job/Accumulo-2.0-ITs/lastBuild/org.apache.accumulo$accumulo-test/testReport/org.apache.accumulo.test.replication/CyclicReplicationIT/dataIsNotOverReplicated/&lt;/a&gt;&lt;/p&gt;</comment>
                            <comment id="16150878" author="elserj" created="Fri, 1 Sep 2017 17:29:22 +0000"  >&lt;p&gt;I wouldn&apos;t know how, &lt;a href=&quot;https://issues.apache.org/jira/secure/ViewProfile.jspa?name=milleruntime&quot; class=&quot;user-hover&quot; rel=&quot;milleruntime&quot;&gt;Michael Miller&lt;/a&gt;, as I don&apos;t believe the Master is restarted in that test.&lt;/p&gt;</comment>
                    </comments>
                <issuelinks>
                            <issuelinktype id="10001">
                    <name>dependent</name>
                                                                <inwardlinks description="is depended upon by">
                                        <issuelink>
            <issuekey id="13081475">ACCUMULO-4662</issuekey>
        </issuelink>
                            </inwardlinks>
                                    </issuelinktype>
                    </issuelinks>
                <attachments>
                    </attachments>
                <subtasks>
                    </subtasks>
                <customfields>
                                                                            <customfield id="customfield_12310310" key="com.atlassian.jira.toolkit:attachments">
                        <customfieldname>Attachment count</customfieldname>
                        <customfieldvalues>
                            <customfieldvalue>0.0</customfieldvalue>
                        </customfieldvalues>
                    </customfield>
                                                                                                                                                                                                                                                                                                                                                                                                                                                                                                                                                                                                                                                                                                        <customfield id="customfield_12310220" key="com.atlassian.jira.ext.charting:firstresponsedate">
                        <customfieldname>Date of First Response</customfieldname>
                        <customfieldvalues>
                            <customfieldvalue>Fri, 1 Sep 2017 17:29:22 +0000</customfieldvalue>

                        </customfieldvalues>
                    </customfield>
                                                                <customfield id="customfield_12314020" key="com.atlassian.jira.plugins.jira-development-integration-plugin:devsummary">
                        <customfieldname>Development</customfieldname>
                        <customfieldvalues>
                            
                        </customfieldvalues>
                    </customfield>
                                                                                                                        <customfield id="customfield_12313422" key="com.atlassian.jirafisheyeplugin:jobcheckbox">
                        <customfieldname>Enable Automatic Patch Review</customfieldname>
                        <customfieldvalues>
                            <customfieldvalue><![CDATA[false]]></customfieldvalue>

                        </customfieldvalues>
                    </customfield>
                                                                                                                                                                                                                                                                                                                                                                                                                                                                                                                                                                                                                                                <customfield id="customfield_12310420" key="com.pyxis.greenhopper.jira:gh-global-rank">
                        <customfieldname>Global Rank</customfieldname>
                        <customfieldvalues>
                            <customfieldvalue>9223372036854775807</customfieldvalue>
                        </customfieldvalues>
                    </customfield>
                                                                                                                                                                                                            <customfield id="customfield_12312521" key="com.atlassian.jira.toolkit:LastCommentDate">
                        <customfieldname>Last public comment date</customfieldname>
                        <customfieldvalues>
                            2 years, 24 weeks, 2 days ago
                        </customfieldvalues>
                    </customfield>
                                                                                                                                                                                                            <customfield id="customfield_12311820" key="com.pyxis.greenhopper.jira:gh-lexo-rank">
                        <customfieldname>Rank</customfieldname>
                        <customfieldvalues>
                            <customfieldvalue>0|i3jk4n:</customfieldvalue>

                        </customfieldvalues>
                    </customfield>
                                                                <customfield id="customfield_12310920" key="com.pyxis.greenhopper.jira:gh-global-rank">
                        <customfieldname>Rank (Obsolete)</customfieldname>
                        <customfieldvalues>
                            <customfieldvalue>9223372036854775807</customfieldvalue>
                        </customfieldvalues>
                    </customfield>
                                                                                                                                                                                                                                                                                                                                                                                                                                                                                                                                                                                                                                                                            <customfield id="customfield_12310222" key="com.atlassian.jira.ext.charting:timeinstatus">
                        <customfieldname>Time in Status</customfieldname>
                        <customfieldvalues>
                            
                        </customfieldvalues>
                    </customfield>
                                                                                            </customfields>
    </item>
</channel>
</rss>