<!--
RSS generated by JIRA (8.3.4#803005-sha1:1f96e09b3c60279a408a2ae47be3c745f571388b) at Mon Feb 17 08:24:12 UTC 2020

It is possible to restrict the fields that are returned in this document by specifying the 'field' parameter in your request.
For example, to request only the issue key and summary append 'field=key&field=summary' to the URL of your request.
-->
<!-- If you wish to do custom client-side styling of RSS, uncomment this:
<?xml-stylesheet href="https://issues.apache.org/jira/styles/jiraxml2html.xsl" type="text/xsl"?>
-->
<rss version="0.92">
    <channel>
        <title>ASF JIRA</title>
        <link>https://issues.apache.org/jira/issues/?jql=project+%3D+ACCUMULO+AND+issuetype+%3D+Bug+AND+created+%3E%3D+2017-07-01+AND+created+%3C%3D+2017-08-01</link>
        <description>An XML representation of a search request</description>
                <language>en-uk</language>
                        <issue start="0" end="8" total="8"/>
                <build-info>
            <version>8.3.4</version>
            <build-number>803005</build-number>
            <build-date>13-09-2019</build-date>
        </build-info>

<item>
            <title>[ACCUMULO-4689] If keyStoreType and trustStoreType are not provided for monitor SSL, monitor fails obtusely</title>
                <link>https://issues.apache.org/jira/browse/ACCUMULO-4689</link>
                <project id="12312121" key="ACCUMULO">Accumulo</project>
                    <description>&lt;p&gt;I ran &lt;tt&gt;./bin/generate_monitor_certificate.sh&lt;/tt&gt; and copied the content to accumulo-site.xml as instructed. I saw this error when starting the monitor:&lt;/p&gt;

&lt;div class=&quot;preformatted panel&quot; style=&quot;border-width: 1px;&quot;&gt;&lt;div class=&quot;preformattedContent panelContent&quot;&gt;
&lt;pre&gt;2017-07-28 16:02:22,844 [handler.ContextHandler] INFO :  Started o.e.j.s.ServletContextHandler@67d82dcd{/,null,AVAILABLE}
2017-07-28 16:02:22,937 [component.AbstractLifeCycle] WARN :  FAILED SslContextFactory@771c3cb6(/Users/jelser/projects/accumulo.git/assemble/target/accumulo-1.7.4-SNAPSHOT/conf/keystore.jks,/Users/jelser/projects/accumulo.git/assemble/target/accumulo-1.7.4-SNAPSHOT/conf/cacerts.jks): java.security.KeyStoreException:  not found
        at java.security.KeyStore.getInstance(KeyStore.java:851)
        at org.eclipse.jetty.util.security.CertificateUtils.getKeyStore(CertificateUtils.java:52)
        at org.eclipse.jetty.util.ssl.SslContextFactory.loadKeyStore(SslContextFactory.java:864)
        at org.eclipse.jetty.util.ssl.SslContextFactory.doStart(SslContextFactory.java:270)
        at org.eclipse.jetty.util.component.AbstractLifeCycle.start(AbstractLifeCycle.java:68)
        at org.eclipse.jetty.util.component.ContainerLifeCycle.start(ContainerLifeCycle.java:125)
        at org.eclipse.jetty.util.component.ContainerLifeCycle.doStart(ContainerLifeCycle.java:107)
        at org.eclipse.jetty.server.SslConnectionFactory.doStart(SslConnectionFactory.java:64)
        at org.eclipse.jetty.util.component.AbstractLifeCycle.start(AbstractLifeCycle.java:68)
        at org.eclipse.jetty.util.component.ContainerLifeCycle.start(ContainerLifeCycle.java:125)
        at org.eclipse.jetty.util.component.ContainerLifeCycle.doStart(ContainerLifeCycle.java:107)
        at org.eclipse.jetty.server.AbstractConnector.doStart(AbstractConnector.java:260)
        at org.eclipse.jetty.server.AbstractNetworkConnector.doStart(AbstractNetworkConnector.java:81)
        at org.eclipse.jetty.server.ServerConnector.doStart(ServerConnector.java:218)
        at org.eclipse.jetty.util.component.AbstractLifeCycle.start(AbstractLifeCycle.java:68)
        at org.eclipse.jetty.server.Server.doStart(Server.java:337)
        at org.eclipse.jetty.util.component.AbstractLifeCycle.start(AbstractLifeCycle.java:68)
        at org.apache.accumulo.monitor.EmbeddedWebServer.start(EmbeddedWebServer.java:116)
        at org.apache.accumulo.monitor.Monitor.run(Monitor.java:482)
        at org.apache.accumulo.monitor.Monitor.main(Monitor.java:438)
        at org.apache.accumulo.monitor.MonitorExecutable.execute(MonitorExecutable.java:33)
        at org.apache.accumulo.start.Main$1.run(Main.java:120)
        at java.lang.Thread.run(Thread.java:748)
Caused by: java.security.NoSuchAlgorithmException:  KeyStore not available
        at sun.security.jca.GetInstance.getInstance(GetInstance.java:159)
        at java.security.Security.getImpl(Security.java:695)
        at java.security.KeyStore.getInstance(KeyStore.java:848)
        ... 22 more
&lt;/pre&gt;
&lt;/div&gt;&lt;/div&gt;

&lt;p&gt;It appears that the JKS type is required to be specified. It would be nice to fail &quot;better&quot;, but at a minimum we should include that in the output generated by the script.&lt;/p&gt;</description>
                <environment></environment>
        <key id="13090884">ACCUMULO-4689</key>
            <summary>If keyStoreType and trustStoreType are not provided for monitor SSL, monitor fails obtusely</summary>
                <type id="1" iconUrl="https://issues.apache.org/jira/secure/viewavatar?size=xsmall&amp;avatarId=21133&amp;avatarType=issuetype">Bug</type>
                                            <priority id="3" iconUrl="https://issues.apache.org/jira/images/icons/priorities/major.svg">Major</priority>
                        <status id="5" iconUrl="https://issues.apache.org/jira/images/icons/statuses/resolved.png" description="A resolution has been taken, and it is awaiting verification by reporter. From here issues are either reopened, or are closed.">Resolved</status>
                    <statusCategory id="3" key="done" colorName="green"/>
                                    <resolution id="1">Fixed</resolution>
                                        <assignee username="elserj">Josh Elser</assignee>
                                    <reporter username="elserj">Josh Elser</reporter>
                        <labels>
                    </labels>
                <created>Fri, 28 Jul 2017 20:21:57 +0000</created>
                <updated>Mon, 31 Jul 2017 22:10:53 +0000</updated>
                            <resolved>Mon, 31 Jul 2017 19:56:09 +0000</resolved>
                                                    <fixVersion>1.7.4</fixVersion>
                                        <due></due>
                            <votes>0</votes>
                                    <watches>2</watches>
                                            <timeestimate seconds="0">0h</timeestimate>
                            <timespent seconds="3600">1h</timespent>
                                <comments>
                            <comment id="16107591" author="elserj" created="Mon, 31 Jul 2017 17:00:22 +0000"  >&lt;p&gt;Jetty defaults to a keystore/truststore type of JKS. However, in Accumulo, we default those configuration properties to be the empty string. When we set the empty-string, we create a runtime problem as Jetty doesn&apos;t know how to handle an (explicitly set) empty-string type.&lt;/p&gt;

&lt;p&gt;Avoiding setting empty types into the Jetty API gives us what we want.&lt;/p&gt;</comment>
                            <comment id="16107826" author="elserj" created="Mon, 31 Jul 2017 19:25:35 +0000"  >&lt;p&gt;Looks like &lt;a href=&quot;https://issues.apache.org/jira/browse/ACCUMULO-3827&quot; title=&quot;Default store types for monitor SSL are broken&quot; class=&quot;issue-link&quot; data-issue-key=&quot;ACCUMULO-3827&quot;&gt;&lt;del&gt;ACCUMULO-3827&lt;/del&gt;&lt;/a&gt; meant to fix this (ironically, the opposite way that I did), was meant to be applied to the 1.7 branch, but was not.&lt;/p&gt;

&lt;p&gt;Cherry-picking the change to 1.7 and moving on.&lt;/p&gt;</comment>
                            <comment id="16107864" author="elserj" created="Mon, 31 Jul 2017 19:56:09 +0000"  >&lt;p&gt;Resolved via a cherry-pick of &lt;a href=&quot;https://issues.apache.org/jira/browse/ACCUMULO-3827&quot; title=&quot;Default store types for monitor SSL are broken&quot; class=&quot;issue-link&quot; data-issue-key=&quot;ACCUMULO-3827&quot;&gt;&lt;del&gt;ACCUMULO-3827&lt;/del&gt;&lt;/a&gt; to 1.7 (and &lt;tt&gt;merge -sours&lt;/tt&gt; through 1.8 and master)&lt;/p&gt;</comment>
                    </comments>
                <issuelinks>
                            <issuelinktype id="12310050">
                    <name>Regression</name>
                                                                <inwardlinks description="is broken by">
                                        <issuelink>
            <issuekey id="12830824">ACCUMULO-3827</issuekey>
        </issuelink>
                            </inwardlinks>
                                    </issuelinktype>
                    </issuelinks>
                <attachments>
                    </attachments>
                <subtasks>
                    </subtasks>
                <customfields>
                                                                            <customfield id="customfield_12310310" key="com.atlassian.jira.toolkit:attachments">
                        <customfieldname>Attachment count</customfieldname>
                        <customfieldvalues>
                            <customfieldvalue>0.0</customfieldvalue>
                        </customfieldvalues>
                    </customfield>
                                                                                                                                                                                                                                                                                                                                                                                                                                                                                                                                                                                                                                                                                                                                    <customfield id="customfield_12314020" key="com.atlassian.jira.plugins.jira-development-integration-plugin:devsummary">
                        <customfieldname>Development</customfieldname>
                        <customfieldvalues>
                            
                        </customfieldvalues>
                    </customfield>
                                                                                                                        <customfield id="customfield_12313422" key="com.atlassian.jirafisheyeplugin:jobcheckbox">
                        <customfieldname>Enable Automatic Patch Review</customfieldname>
                        <customfieldvalues>
                            <customfieldvalue><![CDATA[false]]></customfieldvalue>

                        </customfieldvalues>
                    </customfield>
                                                                                                                                                                                                                                                                                                                                                                                                                                                                                                                                                                                                                                                <customfield id="customfield_12310420" key="com.pyxis.greenhopper.jira:gh-global-rank">
                        <customfieldname>Global Rank</customfieldname>
                        <customfieldvalues>
                            <customfieldvalue>9223372036854775807</customfieldvalue>
                        </customfieldvalues>
                    </customfield>
                                                                                                                                                                                                            <customfield id="customfield_12312521" key="com.atlassian.jira.toolkit:LastCommentDate">
                        <customfieldname>Last public comment date</customfieldname>
                        <customfieldvalues>
                            2 years, 28 weeks, 6 days ago
                        </customfieldvalues>
                    </customfield>
                                                                                                                                                                                                            <customfield id="customfield_12311820" key="com.pyxis.greenhopper.jira:gh-lexo-rank">
                        <customfieldname>Rank</customfieldname>
                        <customfieldvalues>
                            <customfieldvalue>0|i3i5hb:</customfieldvalue>

                        </customfieldvalues>
                    </customfield>
                                                                <customfield id="customfield_12310920" key="com.pyxis.greenhopper.jira:gh-global-rank">
                        <customfieldname>Rank (Obsolete)</customfieldname>
                        <customfieldvalues>
                            <customfieldvalue>9223372036854775807</customfieldvalue>
                        </customfieldvalues>
                    </customfield>
                                                                                                                                                                                                                                                                                                                                                                                                                                                                                                                                                                                                                                                                            <customfield id="customfield_12310222" key="com.atlassian.jira.ext.charting:timeinstatus">
                        <customfieldname>Time in Status</customfieldname>
                        <customfieldvalues>
                            
                        </customfieldvalues>
                    </customfield>
                                                                                            </customfields>
    </item>


<item>
            <title>[ACCUMULO-4686] 1.8 upgrade path does not update version on multiple volumes</title>
                <link>https://issues.apache.org/jira/browse/ACCUMULO-4686</link>
                <project id="12312121" key="ACCUMULO">Accumulo</project>
                    <description>&lt;p&gt;The upgrade path from 1.6+ to 1.8 does not update the version across all volumes in a multi-hdfs-volume cluster.  Only one of them gets updated and subsequently all of the tservers will complain and ultimately fail.&lt;/p&gt;</description>
                <environment></environment>
        <key id="13089942">ACCUMULO-4686</key>
            <summary>1.8 upgrade path does not update version on multiple volumes</summary>
                <type id="1" iconUrl="https://issues.apache.org/jira/secure/viewavatar?size=xsmall&amp;avatarId=21133&amp;avatarType=issuetype">Bug</type>
                                            <priority id="1" iconUrl="https://issues.apache.org/jira/images/icons/priorities/blocker.svg">Blocker</priority>
                        <status id="5" iconUrl="https://issues.apache.org/jira/images/icons/statuses/resolved.png" description="A resolution has been taken, and it is awaiting verification by reporter. From here issues are either reopened, or are closed.">Resolved</status>
                    <statusCategory id="3" key="done" colorName="green"/>
                                    <resolution id="1">Fixed</resolution>
                                        <assignee username="ivan.bella">Ivan Bella</assignee>
                                    <reporter username="ivan.bella">Ivan Bella</reporter>
                        <labels>
                    </labels>
                <created>Tue, 25 Jul 2017 16:54:15 +0000</created>
                <updated>Tue, 23 Apr 2019 16:13:04 +0000</updated>
                            <resolved>Wed, 6 Sep 2017 20:35:58 +0000</resolved>
                                    <version>1.8.1</version>
                                    <fixVersion>1.7.4</fixVersion>
                    <fixVersion>1.9.0</fixVersion>
                                    <component>master</component>
                        <due></due>
                            <votes>0</votes>
                                    <watches>2</watches>
                                            <timeestimate seconds="0">0h</timeestimate>
                            <timespent seconds="8400">2h 20m</timespent>
                                <comments>
                            <comment id="16100377" author="ivan.bella" created="Tue, 25 Jul 2017 17:12:02 +0000"  >&lt;p&gt;The code suggests that this is done correctly (Accumulo.upgradeAccumuloVersion) however we definitely had an instance where this failed.  Doing more investigation as to why.&lt;/p&gt;</comment>
                            <comment id="16100385" author="ivan.bella" created="Tue, 25 Jul 2017 17:15:31 +0000"  >&lt;p&gt;Ah, figured it out.  The routine is not using the fs specific version of getAccumuloPersistentVersion to determine the version on the volume of interest.&lt;/p&gt;</comment>
                            <comment id="16149970" author="ctubbsii" created="Fri, 1 Sep 2017 03:07:48 +0000"  >&lt;p&gt;Bumping this to blocker, because we really need upgrades to work to encourage folks to get off the legacy versions.&lt;/p&gt;</comment>
                            <comment id="16151021" author="ivan.bella" created="Fri, 1 Sep 2017 18:55:37 +0000"  >&lt;p&gt;Added test case as requested.  I believe this one is good to merge unless there are any more objections.&lt;/p&gt;</comment>
                            <comment id="16155999" author="ivan.bella" created="Wed, 6 Sep 2017 20:35:58 +0000"  >&lt;p&gt;Commits pushed to 1.7, 1.8, and master.&lt;/p&gt;</comment>
                    </comments>
                    <attachments>
                    </attachments>
                <subtasks>
                    </subtasks>
                <customfields>
                                                                            <customfield id="customfield_12310310" key="com.atlassian.jira.toolkit:attachments">
                        <customfieldname>Attachment count</customfieldname>
                        <customfieldvalues>
                            <customfieldvalue>0.0</customfieldvalue>
                        </customfieldvalues>
                    </customfield>
                                                                                                                                                                                                                                                                                                                                                                                                                                                                                                                                                                                                                                                                                                        <customfield id="customfield_12310220" key="com.atlassian.jira.ext.charting:firstresponsedate">
                        <customfieldname>Date of First Response</customfieldname>
                        <customfieldvalues>
                            <customfieldvalue>Fri, 1 Sep 2017 03:07:48 +0000</customfieldvalue>

                        </customfieldvalues>
                    </customfield>
                                                                <customfield id="customfield_12314020" key="com.atlassian.jira.plugins.jira-development-integration-plugin:devsummary">
                        <customfieldname>Development</customfieldname>
                        <customfieldvalues>
                            
                        </customfieldvalues>
                    </customfield>
                                                                                                                        <customfield id="customfield_12313422" key="com.atlassian.jirafisheyeplugin:jobcheckbox">
                        <customfieldname>Enable Automatic Patch Review</customfieldname>
                        <customfieldvalues>
                            <customfieldvalue><![CDATA[false]]></customfieldvalue>

                        </customfieldvalues>
                    </customfield>
                                                                                                                                                                                                                                                                                                                                                                                                                                                                                                                                                                                                                                                <customfield id="customfield_12310420" key="com.pyxis.greenhopper.jira:gh-global-rank">
                        <customfieldname>Global Rank</customfieldname>
                        <customfieldvalues>
                            <customfieldvalue>9223372036854775807</customfieldvalue>
                        </customfieldvalues>
                    </customfield>
                                                                                                                                                                                                            <customfield id="customfield_12312521" key="com.atlassian.jira.toolkit:LastCommentDate">
                        <customfieldname>Last public comment date</customfieldname>
                        <customfieldvalues>
                            2 years, 23 weeks, 4 days ago
                        </customfieldvalues>
                    </customfield>
                                                                                                                                                                                                            <customfield id="customfield_12311820" key="com.pyxis.greenhopper.jira:gh-lexo-rank">
                        <customfieldname>Rank</customfieldname>
                        <customfieldvalues>
                            <customfieldvalue>0|i3hzpj:</customfieldvalue>

                        </customfieldvalues>
                    </customfield>
                                                                <customfield id="customfield_12310920" key="com.pyxis.greenhopper.jira:gh-global-rank">
                        <customfieldname>Rank (Obsolete)</customfieldname>
                        <customfieldvalues>
                            <customfieldvalue>9223372036854775807</customfieldvalue>
                        </customfieldvalues>
                    </customfield>
                                                                                                                                                                                                                                                                                                                                                                                                                                                                                                                                                                                                                                                                            <customfield id="customfield_12310222" key="com.atlassian.jira.ext.charting:timeinstatus">
                        <customfieldname>Time in Status</customfieldname>
                        <customfieldvalues>
                            
                        </customfieldvalues>
                    </customfield>
                                                                                            </customfields>
    </item>


<item>
            <title>[ACCUMULO-4685] Fix minor warnings</title>
                <link>https://issues.apache.org/jira/browse/ACCUMULO-4685</link>
                <project id="12312121" key="ACCUMULO">Accumulo</project>
                    <description>&lt;p&gt;Fix minor compiler warnings. Mostly type safety issues from lack of proper use of generics.&lt;/p&gt;</description>
                <environment></environment>
        <key id="13089686">ACCUMULO-4685</key>
            <summary>Fix minor warnings</summary>
                <type id="1" iconUrl="https://issues.apache.org/jira/secure/viewavatar?size=xsmall&amp;avatarId=21133&amp;avatarType=issuetype">Bug</type>
                                            <priority id="4" iconUrl="https://issues.apache.org/jira/images/icons/priorities/minor.svg">Minor</priority>
                        <status id="5" iconUrl="https://issues.apache.org/jira/images/icons/statuses/resolved.png" description="A resolution has been taken, and it is awaiting verification by reporter. From here issues are either reopened, or are closed.">Resolved</status>
                    <statusCategory id="3" key="done" colorName="green"/>
                                    <resolution id="1">Fixed</resolution>
                                        <assignee username="ctubbsii">Christopher Tubbs</assignee>
                                    <reporter username="ctubbsii">Christopher Tubbs</reporter>
                        <labels>
                    </labels>
                <created>Mon, 24 Jul 2017 20:23:56 +0000</created>
                <updated>Tue, 23 Apr 2019 16:12:48 +0000</updated>
                            <resolved>Mon, 24 Jul 2017 21:28:50 +0000</resolved>
                                                    <fixVersion>1.7.4</fixVersion>
                    <fixVersion>1.9.0</fixVersion>
                                        <due></due>
                            <votes>0</votes>
                                    <watches>1</watches>
                                            <timeestimate seconds="0">0h</timeestimate>
                            <timespent seconds="7200">2h</timespent>
                                        <attachments>
                    </attachments>
                <subtasks>
                    </subtasks>
                <customfields>
                                                                            <customfield id="customfield_12310310" key="com.atlassian.jira.toolkit:attachments">
                        <customfieldname>Attachment count</customfieldname>
                        <customfieldvalues>
                            <customfieldvalue>0.0</customfieldvalue>
                        </customfieldvalues>
                    </customfield>
                                                                                                                                                                                                                                                                                                                                                                                                                                                                                                                                                                                                                                                                                                                                    <customfield id="customfield_12314020" key="com.atlassian.jira.plugins.jira-development-integration-plugin:devsummary">
                        <customfieldname>Development</customfieldname>
                        <customfieldvalues>
                            
                        </customfieldvalues>
                    </customfield>
                                                                                                                        <customfield id="customfield_12313422" key="com.atlassian.jirafisheyeplugin:jobcheckbox">
                        <customfieldname>Enable Automatic Patch Review</customfieldname>
                        <customfieldvalues>
                            <customfieldvalue><![CDATA[false]]></customfieldvalue>

                        </customfieldvalues>
                    </customfield>
                                                                                                                                                                                                                                                                                                                                                                                                                                                                                                                                                                                                                                                <customfield id="customfield_12310420" key="com.pyxis.greenhopper.jira:gh-global-rank">
                        <customfieldname>Global Rank</customfieldname>
                        <customfieldvalues>
                            <customfieldvalue>9223372036854775807</customfieldvalue>
                        </customfieldvalues>
                    </customfield>
                                                                                                                                                                                                            <customfield id="customfield_12312521" key="com.atlassian.jira.toolkit:LastCommentDate">
                        <customfieldname>Last public comment date</customfieldname>
                        <customfieldvalues>
                            2 years, 29 weeks, 6 days ago
                        </customfieldvalues>
                    </customfield>
                                                                                                                                                                                                            <customfield id="customfield_12311820" key="com.pyxis.greenhopper.jira:gh-lexo-rank">
                        <customfieldname>Rank</customfieldname>
                        <customfieldvalues>
                            <customfieldvalue>0|i3hy4n:</customfieldvalue>

                        </customfieldvalues>
                    </customfield>
                                                                <customfield id="customfield_12310920" key="com.pyxis.greenhopper.jira:gh-global-rank">
                        <customfieldname>Rank (Obsolete)</customfieldname>
                        <customfieldvalues>
                            <customfieldvalue>9223372036854775807</customfieldvalue>
                        </customfieldvalues>
                    </customfield>
                                                                                                                                                                                                                                                                                                                                                                                                                                                                                                                                                                                                                                                                            <customfield id="customfield_12310222" key="com.atlassian.jira.ext.charting:timeinstatus">
                        <customfieldname>Time in Status</customfieldname>
                        <customfieldvalues>
                            
                        </customfieldvalues>
                    </customfield>
                                                                                            </customfields>
    </item>


<item>
            <title>[ACCUMULO-4679] MonitorSslIT is failing</title>
                <link>https://issues.apache.org/jira/browse/ACCUMULO-4679</link>
                <project id="12312121" key="ACCUMULO">Accumulo</project>
                    <description>&lt;p&gt;Copied from &lt;a href=&quot;https://issues.apache.org/jira/browse/ACCUMULO-2181&quot; title=&quot;improve the look &amp;amp; feel of monitor&quot; class=&quot;issue-link&quot; data-issue-key=&quot;ACCUMULO-2181&quot;&gt;&lt;del&gt;ACCUMULO-2181&lt;/del&gt;&lt;/a&gt; comments. &lt;a href=&quot;https://issues.apache.org/jira/secure/ViewProfile.jspa?name=skanekar&quot; class=&quot;user-hover&quot; rel=&quot;skanekar&quot;&gt;Sneha Kanekar&lt;/a&gt; wrote:&lt;/p&gt;

&lt;p&gt;The testcase org.apache.accumulo.test.functional.MonitorSslIT.test is failing since this commit (680b3a2108b55c5eedf2550dcadb7b5fd20fde2a). The error message is as follows:&lt;/p&gt;

&lt;div class=&quot;code panel&quot; style=&quot;border-width: 1px;&quot;&gt;&lt;div class=&quot;codeContent panelContent&quot;&gt;
&lt;pre class=&quot;code-java&quot;&gt;java.net.SocketException: Connection reset
	at org.apache.accumulo.test.functional.MonitorSslIT.test(MonitorSslIT.java:127)
&lt;/pre&gt;
&lt;/div&gt;&lt;/div&gt;</description>
                <environment></environment>
        <key id="13086687">ACCUMULO-4679</key>
            <summary>MonitorSslIT is failing</summary>
                <type id="1" iconUrl="https://issues.apache.org/jira/secure/viewavatar?size=xsmall&amp;avatarId=21133&amp;avatarType=issuetype">Bug</type>
                                            <priority id="1" iconUrl="https://issues.apache.org/jira/images/icons/priorities/blocker.svg">Blocker</priority>
                        <status id="5" iconUrl="https://issues.apache.org/jira/images/icons/statuses/resolved.png" description="A resolution has been taken, and it is awaiting verification by reporter. From here issues are either reopened, or are closed.">Resolved</status>
                    <statusCategory id="3" key="done" colorName="green"/>
                                    <resolution id="3">Duplicate</resolution>
                                        <assignee username="-1">Unassigned</assignee>
                                    <reporter username="ctubbsii">Christopher Tubbs</reporter>
                        <labels>
                    </labels>
                <created>Wed, 12 Jul 2017 20:02:52 +0000</created>
                <updated>Thu, 13 Jul 2017 16:34:56 +0000</updated>
                            <resolved>Thu, 13 Jul 2017 16:34:31 +0000</resolved>
                                                                    <component>monitor</component>
                    <component>test</component>
                        <due></due>
                            <votes>0</votes>
                                    <watches>1</watches>
                                                                <comments>
                            <comment id="16085962" author="ctubbsii" created="Thu, 13 Jul 2017 16:34:31 +0000"  >&lt;p&gt;Closing later issue as duplicate. Earlier one is original report.&lt;/p&gt;</comment>
                    </comments>
                <issuelinks>
                            <issuelinktype id="12310000">
                    <name>Duplicate</name>
                                            <outwardlinks description="duplicates">
                                        <issuelink>
            <issuekey id="13086552">ACCUMULO-4678</issuekey>
        </issuelink>
                            </outwardlinks>
                                                        </issuelinktype>
                    </issuelinks>
                <attachments>
                    </attachments>
                <subtasks>
                    </subtasks>
                <customfields>
                                                                            <customfield id="customfield_12310310" key="com.atlassian.jira.toolkit:attachments">
                        <customfieldname>Attachment count</customfieldname>
                        <customfieldvalues>
                            <customfieldvalue>0.0</customfieldvalue>
                        </customfieldvalues>
                    </customfield>
                                                                                                                                                                                                                                                                                                                                                                                                                                                                                                                                                                                                                                                                                                                                    <customfield id="customfield_12314020" key="com.atlassian.jira.plugins.jira-development-integration-plugin:devsummary">
                        <customfieldname>Development</customfieldname>
                        <customfieldvalues>
                            
                        </customfieldvalues>
                    </customfield>
                                                                                                                        <customfield id="customfield_12313422" key="com.atlassian.jirafisheyeplugin:jobcheckbox">
                        <customfieldname>Enable Automatic Patch Review</customfieldname>
                        <customfieldvalues>
                            <customfieldvalue><![CDATA[false]]></customfieldvalue>

                        </customfieldvalues>
                    </customfield>
                                                                                                                                                                                                                                                                                                                                                                                                                                                                                                                                                                                                                                                <customfield id="customfield_12310420" key="com.pyxis.greenhopper.jira:gh-global-rank">
                        <customfieldname>Global Rank</customfieldname>
                        <customfieldvalues>
                            <customfieldvalue>9223372036854775807</customfieldvalue>
                        </customfieldvalues>
                    </customfield>
                                                                                                                                                                                                            <customfield id="customfield_12312521" key="com.atlassian.jira.toolkit:LastCommentDate">
                        <customfieldname>Last public comment date</customfieldname>
                        <customfieldvalues>
                            2 years, 31 weeks, 3 days ago
                        </customfieldvalues>
                    </customfield>
                                                                                                                                                                                                            <customfield id="customfield_12311820" key="com.pyxis.greenhopper.jira:gh-lexo-rank">
                        <customfieldname>Rank</customfieldname>
                        <customfieldvalues>
                            <customfieldvalue>0|i3hg1z:</customfieldvalue>

                        </customfieldvalues>
                    </customfield>
                                                                <customfield id="customfield_12310920" key="com.pyxis.greenhopper.jira:gh-global-rank">
                        <customfieldname>Rank (Obsolete)</customfieldname>
                        <customfieldvalues>
                            <customfieldvalue>9223372036854775807</customfieldvalue>
                        </customfieldvalues>
                    </customfield>
                                                                                                                                                                                                                                                                                                                                                                                                                                                                                                                                                                                                                                                                            <customfield id="customfield_12310222" key="com.atlassian.jira.ext.charting:timeinstatus">
                        <customfieldname>Time in Status</customfieldname>
                        <customfieldvalues>
                            
                        </customfieldvalues>
                    </customfield>
                                                                                            </customfields>
    </item>


<item>
            <title>[ACCUMULO-4678] Testcase MonitorSslIT#test fails consistently</title>
                <link>https://issues.apache.org/jira/browse/ACCUMULO-4678</link>
                <project id="12312121" key="ACCUMULO">Accumulo</project>
                    <description>&lt;p&gt;Testcase org.apache.accumulo.test.functional.MonitorSslIT.test fails consistently with connection reset failure. It fails on ppc64le and x86 platform. The error message is as follows:&lt;/p&gt;
&lt;div class=&quot;code panel&quot; style=&quot;border-style: solid;border-width: 1px;&quot;&gt;&lt;div class=&quot;codeContent panelContent&quot;&gt;
&lt;pre class=&quot;code-java&quot;&gt;test(org.apache.accumulo.test.functional.MonitorSslIT)  Time elapsed: 26.232 sec  &amp;lt;&amp;lt;&amp;lt; ERROR!
java.net.SocketException: Connection reset
        at org.apache.accumulo.test.functional.MonitorSslIT.test(MonitorSslIT.java:127)
&lt;/pre&gt;
&lt;/div&gt;&lt;/div&gt;
&lt;p&gt;Any update on this issue?&lt;/p&gt;</description>
                <environment>&lt;p&gt;Ubuntu:14.04&lt;br/&gt;
$ java -version&lt;br/&gt;
openjdk version &quot;1.8.0_111&quot;&lt;br/&gt;
OpenJDK Runtime Environment (build 1.8.0_111-8u111-b14-3~14.04.1-b14)&lt;br/&gt;
OpenJDK 64-Bit Server VM (build 25.111-b14, mixed mode)&lt;/p&gt;</environment>
        <key id="13086552">ACCUMULO-4678</key>
            <summary>Testcase MonitorSslIT#test fails consistently</summary>
                <type id="1" iconUrl="https://issues.apache.org/jira/secure/viewavatar?size=xsmall&amp;avatarId=21133&amp;avatarType=issuetype">Bug</type>
                                            <priority id="3" iconUrl="https://issues.apache.org/jira/images/icons/priorities/major.svg">Major</priority>
                        <status id="5" iconUrl="https://issues.apache.org/jira/images/icons/statuses/resolved.png" description="A resolution has been taken, and it is awaiting verification by reporter. From here issues are either reopened, or are closed.">Resolved</status>
                    <statusCategory id="3" key="done" colorName="green"/>
                                    <resolution id="1">Fixed</resolution>
                                        <assignee username="ctubbsii">Christopher Tubbs</assignee>
                                    <reporter username="skanekar">Sneha Kanekar</reporter>
                        <labels>
                            <label>pp64le</label>
                            <label>x86</label>
                    </labels>
                <created>Wed, 12 Jul 2017 10:54:33 +0000</created>
                <updated>Thu, 22 Feb 2018 19:52:15 +0000</updated>
                            <resolved>Thu, 22 Feb 2018 19:52:15 +0000</resolved>
                                    <version>2.0.0</version>
                                    <fixVersion>2.0.0</fixVersion>
                                    <component>monitor</component>
                    <component>test</component>
                        <due></due>
                            <votes>0</votes>
                                    <watches>2</watches>
                                            <timeestimate seconds="0">0h</timeestimate>
                            <timespent seconds="600">10m</timespent>
                                <comments>
                            <comment id="16085959" author="ctubbsii" created="Thu, 13 Jul 2017 16:33:27 +0000"  >&lt;p&gt;Ha! It looks like we created an issue at the same time. I&apos;ll close the later one as a duplicate of this one.&lt;/p&gt;</comment>
                            <comment id="16121392" author="skanekar" created="Thu, 10 Aug 2017 10:11:16 +0000"  >&lt;p&gt;Any update on this?&lt;/p&gt;</comment>
                            <comment id="16122557" author="ctubbsii" created="Thu, 10 Aug 2017 23:52:56 +0000"  >&lt;p&gt;&lt;a href=&quot;https://issues.apache.org/jira/secure/ViewProfile.jspa?name=skanekar&quot; class=&quot;user-hover&quot; rel=&quot;skanekar&quot;&gt;Sneha Kanekar&lt;/a&gt;. It does not look like anybody has worked on it since you reported the problem. Apache projects are developed by communities of volunteers, and the contributors have many issues to work on.&lt;/p&gt;

&lt;p&gt;This issue is marked for the next major release, and is certain to block it if it&apos;s still failing during pre-release testing, so I&apos;m sure it won&apos;t fall through the cracks and get forgotten. However, the current contributors may not get to it immediately. Of course, you are always welcome to contribute a patch, but you can also help out by digging a little bit and providing more details into the nature of the failure.&lt;/p&gt;

&lt;p&gt;If somebody works on it, they are certain to update the issue, so asking if there&apos;s an update when there is no activity on the issue means the answer is almost certainly going to be &quot;no&quot;.&lt;/p&gt;</comment>
                    </comments>
                <issuelinks>
                            <issuelinktype id="12310000">
                    <name>Duplicate</name>
                                                                <inwardlinks description="is duplicated by">
                                        <issuelink>
            <issuekey id="13086687">ACCUMULO-4679</issuekey>
        </issuelink>
                            </inwardlinks>
                                    </issuelinktype>
                            <issuelinktype id="12310050">
                    <name>Regression</name>
                                                                <inwardlinks description="is broken by">
                                        <issuelink>
            <issuekey id="12688401">ACCUMULO-2181</issuekey>
        </issuelink>
                            </inwardlinks>
                                    </issuelinktype>
                    </issuelinks>
                <attachments>
                    </attachments>
                <subtasks>
                    </subtasks>
                <customfields>
                                                                            <customfield id="customfield_12310310" key="com.atlassian.jira.toolkit:attachments">
                        <customfieldname>Attachment count</customfieldname>
                        <customfieldvalues>
                            <customfieldvalue>0.0</customfieldvalue>
                        </customfieldvalues>
                    </customfield>
                                                                                                                                                                                                                                                                                                                                                                                                                                                                                                                                                                                                                                                                                                        <customfield id="customfield_12310220" key="com.atlassian.jira.ext.charting:firstresponsedate">
                        <customfieldname>Date of First Response</customfieldname>
                        <customfieldvalues>
                            <customfieldvalue>Thu, 13 Jul 2017 16:33:27 +0000</customfieldvalue>

                        </customfieldvalues>
                    </customfield>
                                                                <customfield id="customfield_12314020" key="com.atlassian.jira.plugins.jira-development-integration-plugin:devsummary">
                        <customfieldname>Development</customfieldname>
                        <customfieldvalues>
                            
                        </customfieldvalues>
                    </customfield>
                                                                                                                        <customfield id="customfield_12313422" key="com.atlassian.jirafisheyeplugin:jobcheckbox">
                        <customfieldname>Enable Automatic Patch Review</customfieldname>
                        <customfieldvalues>
                            <customfieldvalue><![CDATA[false]]></customfieldvalue>

                        </customfieldvalues>
                    </customfield>
                                                                                                                                                                                                                                                                                                                                                                                                                                                                                                                                                                                                                                                <customfield id="customfield_12310420" key="com.pyxis.greenhopper.jira:gh-global-rank">
                        <customfieldname>Global Rank</customfieldname>
                        <customfieldvalues>
                            <customfieldvalue>9223372036854775807</customfieldvalue>
                        </customfieldvalues>
                    </customfield>
                                                                                                                                                                                                            <customfield id="customfield_12312521" key="com.atlassian.jira.toolkit:LastCommentDate">
                        <customfieldname>Last public comment date</customfieldname>
                        <customfieldvalues>
                            2 years, 27 weeks, 3 days ago
                        </customfieldvalues>
                    </customfield>
                                                                                                                                                                                                            <customfield id="customfield_12311820" key="com.pyxis.greenhopper.jira:gh-lexo-rank">
                        <customfieldname>Rank</customfieldname>
                        <customfieldvalues>
                            <customfieldvalue>0|i3hf7z:</customfieldvalue>

                        </customfieldvalues>
                    </customfield>
                                                                <customfield id="customfield_12310920" key="com.pyxis.greenhopper.jira:gh-global-rank">
                        <customfieldname>Rank (Obsolete)</customfieldname>
                        <customfieldvalues>
                            <customfieldvalue>9223372036854775807</customfieldvalue>
                        </customfieldvalues>
                    </customfield>
                                                                                                                                                                                                                                                                                                                                                                                                                                                                                                                                                                                                                                                                            <customfield id="customfield_12310222" key="com.atlassian.jira.ext.charting:timeinstatus">
                        <customfieldname>Time in Status</customfieldname>
                        <customfieldvalues>
                            
                        </customfieldvalues>
                    </customfield>
                                                                                            </customfields>
    </item>


<item>
            <title>[ACCUMULO-4677] Sanitize @PathParam and @QueryParam parameters in new REST-based monitor</title>
                <link>https://issues.apache.org/jira/browse/ACCUMULO-4677</link>
                <project id="12312121" key="ACCUMULO">Accumulo</project>
                    <description>&lt;p&gt;Following on the issue identified in &lt;a href=&quot;https://issues.apache.org/jira/browse/ACCUMULO-4660&quot; title=&quot;Trace servlet on monitor doesn&amp;#39;t sanitize URL data&quot; class=&quot;issue-link&quot; data-issue-key=&quot;ACCUMULO-4660&quot;&gt;&lt;del&gt;ACCUMULO-4660&lt;/del&gt;&lt;/a&gt;, I verified that parameters to the REST-based monitor (&lt;a href=&quot;https://issues.apache.org/jira/browse/ACCUMULO-3005&quot; title=&quot;Convert the monitor into a real REST server&quot; class=&quot;issue-link&quot; data-issue-key=&quot;ACCUMULO-3005&quot;&gt;&lt;del&gt;ACCUMULO-3005&lt;/del&gt;&lt;/a&gt;) resources need sanitization as well.&lt;/p&gt;

&lt;p&gt;All &lt;tt&gt;@PathParam&lt;/tt&gt; and &lt;tt&gt;@QueryParam&lt;/tt&gt; annotated fields should be sanitized.&lt;/p&gt;</description>
                <environment></environment>
        <key id="13085355">ACCUMULO-4677</key>
            <summary>Sanitize @PathParam and @QueryParam parameters in new REST-based monitor</summary>
                <type id="1" iconUrl="https://issues.apache.org/jira/secure/viewavatar?size=xsmall&amp;avatarId=21133&amp;avatarType=issuetype">Bug</type>
                                            <priority id="1" iconUrl="https://issues.apache.org/jira/images/icons/priorities/blocker.svg">Blocker</priority>
                        <status id="5" iconUrl="https://issues.apache.org/jira/images/icons/statuses/resolved.png" description="A resolution has been taken, and it is awaiting verification by reporter. From here issues are either reopened, or are closed.">Resolved</status>
                    <statusCategory id="3" key="done" colorName="green"/>
                                    <resolution id="1">Fixed</resolution>
                                        <assignee username="glitch">Kyle Van Gilson</assignee>
                                    <reporter username="ctubbsii">Christopher Tubbs</reporter>
                        <labels>
                            <label>pull-request-available</label>
                    </labels>
                <created>Thu, 6 Jul 2017 23:46:24 +0000</created>
                <updated>Tue, 5 Dec 2017 21:47:51 +0000</updated>
                            <resolved>Tue, 5 Dec 2017 17:19:33 +0000</resolved>
                                                    <fixVersion>2.0.0</fixVersion>
                                    <component>monitor</component>
                        <due></due>
                            <votes>0</votes>
                                    <watches>3</watches>
                                            <timeestimate seconds="0">0h</timeestimate>
                            <timespent seconds="37200">10h 20m</timespent>
                                <comments>
                            <comment id="16078181" author="elserj" created="Fri, 7 Jul 2017 14:47:09 +0000"  >&lt;p&gt;Moved this to blocker as we shouldn&apos;t be intentionally releasing 2.0 with security issues.&lt;/p&gt;</comment>
                            <comment id="16078288" author="ctubbsii" created="Fri, 7 Jul 2017 15:56:54 +0000"  >&lt;p&gt;Good point. I&apos;ll see if I can make time to work on this. If I do, I&apos;ll mark it as &quot;In Progress&quot;. Until then, anybody should feel free to take this. A simple thing might be to adapt the previous method in &lt;a href=&quot;https://issues.apache.org/jira/browse/ACCUMULO-4660&quot; title=&quot;Trace servlet on monitor doesn&amp;#39;t sanitize URL data&quot; class=&quot;issue-link&quot; data-issue-key=&quot;ACCUMULO-4660&quot;&gt;&lt;del&gt;ACCUMULO-4660&lt;/del&gt;&lt;/a&gt; as a global (monitor-wide) util, and apply it everywhere we use a param.&lt;/p&gt;</comment>
                            <comment id="16078486" author="elserj" created="Fri, 7 Jul 2017 18:20:23 +0000"  >&lt;p&gt;Sounds good. I&apos;ll also keep this in the back of my head and try to bash it out quickly.&lt;/p&gt;</comment>
                            <comment id="16113712" author="glitch" created="Thu, 3 Aug 2017 23:51:05 +0000"  >&lt;p&gt;Saw this and took a swing at it in github PR #289.  If your interested, let me know as it probably needs additional unit tests and tighter validation on bounds etc.  If you were thinking along different lines, feel free to decline.  Probably best to look at the ParameterValidator class before looking at the rest as it contains the meat of the validation.  Regards!&lt;/p&gt;</comment>
                            <comment id="16265856" author="glitch" created="Sat, 25 Nov 2017 21:44:29 +0000"  >&lt;p&gt;There has been a lot of discussion/comments on this ticket over on github.  The condensed version is that some underlying dependencies and code was changed between the initial opening of the PR etc.  The PR now successfully builds via Travis but there are 2 things I wanted to highlight.&lt;/p&gt;

&lt;p&gt;1. I found a separate bug in the monitor table hyperlinks present on the master branch (nothing to do with this ticket / PR).  The links in the &lt;a href=&quot;http://localhost:9995/tables/&quot; class=&quot;external-link&quot; rel=&quot;nofollow&quot;&gt;http://localhost:9995/tables/&lt;/a&gt; display page are all linked as &lt;a href=&quot;http://localhost:9995/tables/[object%20Object&quot; class=&quot;external-link&quot; rel=&quot;nofollow&quot;&gt;http://localhost:9995/tables/[object%20Object&lt;/a&gt;]  I will open a separate ticket for this but it looks like the issue may be somewhere in the javascript section of the monitor resources and I&apos;m not familiar with that code to be able to fix it.&lt;/p&gt;

&lt;p&gt;2. Invoking the links (when corrected by hand to the tableId) does the endpoint validation correctly but the response messages probably need to be &quot;pretty&apos;d&quot; up a bit.&lt;/p&gt;

&lt;p&gt;3. There are dependency mismatches between the versions of Jetty and Jersey being used; 9.3.21.v20170918 and 2.25.1 respectively.  Parts of Jersey 2.25.1 carries a dependency on jetty 9.2.14.v20151106 according to Maven central.  The version of Jersey which finally moves to a more recent version is 2.26-b04 (and up) which jumps to jetty 9.4.3.v20170317; it completely skips the 9.3.x series.  This doesn&apos;t seem to cause an issue at runtime but if there is a move to jersey 2.26 in the future it doesn&apos;t look to be backwards compatible with the older version of jetty.&lt;/p&gt;</comment>
                            <comment id="16267324" author="ctubbsii" created="Mon, 27 Nov 2017 19:31:42 +0000"  >&lt;p&gt;I&apos;m okay with bumping to whatever newest version of Jetty and Jersey is available and compatible with one another.&lt;/p&gt;</comment>
                            <comment id="16278588" author="glitch" created="Tue, 5 Dec 2017 14:01:00 +0000"  >&lt;p&gt;PR#289 was merged via &lt;a href=&quot;https://github.com/apache/accumulo/commit/61242a780a7512339616fa165e5d7a61564479bf&quot; class=&quot;external-link&quot; rel=&quot;nofollow&quot;&gt;https://github.com/apache/accumulo/commit/61242a780a7512339616fa165e5d7a61564479bf&lt;/a&gt;&lt;br/&gt;
This Issue can be closed.  Thanks!&lt;/p&gt;</comment>
                    </comments>
                <issuelinks>
                            <issuelinktype id="10030">
                    <name>Reference</name>
                                            <outwardlinks description="relates to">
                                        <issuelink>
            <issuekey id="12728471">ACCUMULO-3005</issuekey>
        </issuelink>
            <issuelink>
            <issuekey id="13123004">ACCUMULO-4756</issuekey>
        </issuelink>
            <issuelink>
            <issuekey id="13081256">ACCUMULO-4660</issuekey>
        </issuelink>
                            </outwardlinks>
                                                        </issuelinktype>
                    </issuelinks>
                <attachments>
                    </attachments>
                <subtasks>
                    </subtasks>
                <customfields>
                                                                            <customfield id="customfield_12310310" key="com.atlassian.jira.toolkit:attachments">
                        <customfieldname>Attachment count</customfieldname>
                        <customfieldvalues>
                            <customfieldvalue>0.0</customfieldvalue>
                        </customfieldvalues>
                    </customfield>
                                                                                                                                                                                                                                                                                                                                                                                                                                                                                                                                                                                                                                                                                                        <customfield id="customfield_12310220" key="com.atlassian.jira.ext.charting:firstresponsedate">
                        <customfieldname>Date of First Response</customfieldname>
                        <customfieldvalues>
                            <customfieldvalue>Fri, 7 Jul 2017 14:47:09 +0000</customfieldvalue>

                        </customfieldvalues>
                    </customfield>
                                                                <customfield id="customfield_12314020" key="com.atlassian.jira.plugins.jira-development-integration-plugin:devsummary">
                        <customfieldname>Development</customfieldname>
                        <customfieldvalues>
                            
                        </customfieldvalues>
                    </customfield>
                                                                                                                        <customfield id="customfield_12313422" key="com.atlassian.jirafisheyeplugin:jobcheckbox">
                        <customfieldname>Enable Automatic Patch Review</customfieldname>
                        <customfieldvalues>
                            <customfieldvalue><![CDATA[false]]></customfieldvalue>

                        </customfieldvalues>
                    </customfield>
                                                                                                                                                                                                                                                                                                                                                                                                                                                                                                                                                                                                                                                <customfield id="customfield_12310420" key="com.pyxis.greenhopper.jira:gh-global-rank">
                        <customfieldname>Global Rank</customfieldname>
                        <customfieldvalues>
                            <customfieldvalue>9223372036854775807</customfieldvalue>
                        </customfieldvalues>
                    </customfield>
                                                                                                                                                                                                            <customfield id="customfield_12312521" key="com.atlassian.jira.toolkit:LastCommentDate">
                        <customfieldname>Last public comment date</customfieldname>
                        <customfieldvalues>
                            2 years, 10 weeks, 5 days ago
                        </customfieldvalues>
                    </customfield>
                                                                                                                                                                                                            <customfield id="customfield_12311820" key="com.pyxis.greenhopper.jira:gh-lexo-rank">
                        <customfieldname>Rank</customfieldname>
                        <customfieldvalues>
                            <customfieldvalue>0|i3h7vj:</customfieldvalue>

                        </customfieldvalues>
                    </customfield>
                                                                <customfield id="customfield_12310920" key="com.pyxis.greenhopper.jira:gh-global-rank">
                        <customfieldname>Rank (Obsolete)</customfieldname>
                        <customfieldvalues>
                            <customfieldvalue>9223372036854775807</customfieldvalue>
                        </customfieldvalues>
                    </customfield>
                                                                                                                                                                                                                                                                                                                                                                                                                                                                                                                                                                                                                                                                            <customfield id="customfield_12310222" key="com.atlassian.jira.ext.charting:timeinstatus">
                        <customfieldname>Time in Status</customfieldname>
                        <customfieldvalues>
                            
                        </customfieldvalues>
                    </customfield>
                                                                                            </customfields>
    </item>


<item>
            <title>[ACCUMULO-4675] &quot;accumulo-util gen-monitor-cert&quot; doesn&apos;t work</title>
                <link>https://issues.apache.org/jira/browse/ACCUMULO-4675</link>
                <project id="12312121" key="ACCUMULO">Accumulo</project>
                    <description>&lt;p&gt;When I executed &quot;accumulo-util gen-monitor-cert&quot; command, I encountered the following error in spite of setting JAVA_HOME correctly.&lt;/p&gt;

&lt;div class=&quot;code panel&quot; style=&quot;border-width: 1px;&quot;&gt;&lt;div class=&quot;codeContent panelContent&quot;&gt;
&lt;pre class=&quot;code-java&quot;&gt;# bin/accumulo-util gen-monitor-cert
JAVA_HOME=/usr/jdk64/jdk1.8.0_112/ must be set and exist
&lt;/pre&gt;
&lt;/div&gt;&lt;/div&gt;

&lt;p&gt;After I fixed this bug and execute the command again, I faced the following error.&lt;/p&gt;

&lt;div class=&quot;code panel&quot; style=&quot;border-width: 1px;&quot;&gt;&lt;div class=&quot;codeContent panelContent&quot;&gt;
&lt;pre class=&quot;code-java&quot;&gt;[Storing /root/accumulo-2.0.0-SNAPSHOT/conf/conf/cacerts.jks]
keytool error: java.io.FileNotFoundException: /root/accumulo-2.0.0-SNAPSHOT/conf/conf/cacerts.jks (No such file or directory)
java.io.FileNotFoundException: /root/accumulo-2.0.0-SNAPSHOT/conf/conf/cacerts.jks (No such file or directory)
	at java.io.FileOutputStream.open0(Native Method)
	at java.io.FileOutputStream.open(FileOutputStream.java:270)
	at java.io.FileOutputStream.&amp;lt;init&amp;gt;(FileOutputStream.java:213)
	at java.io.FileOutputStream.&amp;lt;init&amp;gt;(FileOutputStream.java:101)
	at sun.security.tools.keytool.Main.doCommands(Main.java:1144)
	at sun.security.tools.keytool.Main.run(Main.java:343)
	at sun.security.tools.keytool.Main.main(Main.java:336)
&lt;/pre&gt;
&lt;/div&gt;&lt;/div&gt;</description>
                <environment></environment>
        <key id="13084391">ACCUMULO-4675</key>
            <summary>&quot;accumulo-util gen-monitor-cert&quot; doesn&apos;t work</summary>
                <type id="1" iconUrl="https://issues.apache.org/jira/secure/viewavatar?size=xsmall&amp;avatarId=21133&amp;avatarType=issuetype">Bug</type>
                                            <priority id="3" iconUrl="https://issues.apache.org/jira/images/icons/priorities/major.svg">Major</priority>
                        <status id="5" iconUrl="https://issues.apache.org/jira/images/icons/statuses/resolved.png" description="A resolution has been taken, and it is awaiting verification by reporter. From here issues are either reopened, or are closed.">Resolved</status>
                    <statusCategory id="3" key="done" colorName="green"/>
                                    <resolution id="1">Fixed</resolution>
                                        <assignee username="brfrn169">Toshihiro Suzuki</assignee>
                                    <reporter username="brfrn169">Toshihiro Suzuki</reporter>
                        <labels>
                    </labels>
                <created>Tue, 4 Jul 2017 03:10:55 +0000</created>
                <updated>Thu, 6 Jul 2017 10:29:30 +0000</updated>
                            <resolved>Wed, 5 Jul 2017 14:02:20 +0000</resolved>
                                                    <fixVersion>2.0.0</fixVersion>
                                    <component>shell</component>
                        <due></due>
                            <votes>0</votes>
                                    <watches>3</watches>
                                            <timeestimate seconds="0">0h</timeestimate>
                            <timespent seconds="2400">40m</timespent>
                                <comments>
                            <comment id="16074807" author="mikewalch" created="Wed, 5 Jul 2017 14:02:20 +0000"  >&lt;p&gt;Pull request fixing this issue was merged.&lt;/p&gt;</comment>
                    </comments>
                    <attachments>
                    </attachments>
                <subtasks>
                    </subtasks>
                <customfields>
                                                                            <customfield id="customfield_12310310" key="com.atlassian.jira.toolkit:attachments">
                        <customfieldname>Attachment count</customfieldname>
                        <customfieldvalues>
                            <customfieldvalue>0.0</customfieldvalue>
                        </customfieldvalues>
                    </customfield>
                                                                                                                                                                                                                                                                                                                                                                                                                                                                                                                                                                                                                                                                                                        <customfield id="customfield_12310220" key="com.atlassian.jira.ext.charting:firstresponsedate">
                        <customfieldname>Date of First Response</customfieldname>
                        <customfieldvalues>
                            <customfieldvalue>Wed, 5 Jul 2017 14:02:20 +0000</customfieldvalue>

                        </customfieldvalues>
                    </customfield>
                                                                <customfield id="customfield_12314020" key="com.atlassian.jira.plugins.jira-development-integration-plugin:devsummary">
                        <customfieldname>Development</customfieldname>
                        <customfieldvalues>
                            
                        </customfieldvalues>
                    </customfield>
                                                                                                                        <customfield id="customfield_12313422" key="com.atlassian.jirafisheyeplugin:jobcheckbox">
                        <customfieldname>Enable Automatic Patch Review</customfieldname>
                        <customfieldvalues>
                            <customfieldvalue><![CDATA[false]]></customfieldvalue>

                        </customfieldvalues>
                    </customfield>
                                                                                                                                                                                                                                                                                                                                                                                                                                                                                                                                                                                                                                                <customfield id="customfield_12310420" key="com.pyxis.greenhopper.jira:gh-global-rank">
                        <customfieldname>Global Rank</customfieldname>
                        <customfieldvalues>
                            <customfieldvalue>9223372036854775807</customfieldvalue>
                        </customfieldvalues>
                    </customfield>
                                                                                                                                                                                                            <customfield id="customfield_12312521" key="com.atlassian.jira.toolkit:LastCommentDate">
                        <customfieldname>Last public comment date</customfieldname>
                        <customfieldvalues>
                            2 years, 32 weeks, 4 days ago
                        </customfieldvalues>
                    </customfield>
                                                                                                                                                                                                            <customfield id="customfield_12311820" key="com.pyxis.greenhopper.jira:gh-lexo-rank">
                        <customfieldname>Rank</customfieldname>
                        <customfieldvalues>
                            <customfieldvalue>0|i3h1yn:</customfieldvalue>

                        </customfieldvalues>
                    </customfield>
                                                                <customfield id="customfield_12310920" key="com.pyxis.greenhopper.jira:gh-global-rank">
                        <customfieldname>Rank (Obsolete)</customfieldname>
                        <customfieldvalues>
                            <customfieldvalue>9223372036854775807</customfieldvalue>
                        </customfieldvalues>
                    </customfield>
                                                                                                                                                                                                                                                                                                                                                                                                                                                                                                                                                                                                                                                                            <customfield id="customfield_12310222" key="com.atlassian.jira.ext.charting:timeinstatus">
                        <customfieldname>Time in Status</customfieldname>
                        <customfieldvalues>
                            
                        </customfieldvalues>
                    </customfield>
                                                                                            </customfields>
    </item>


<item>
            <title>[ACCUMULO-4674] ExistingMacIT times out</title>
                <link>https://issues.apache.org/jira/browse/ACCUMULO-4674</link>
                <project id="12312121" key="ACCUMULO">Accumulo</project>
                    <description>&lt;p&gt;Some change over the past few months broke this IT.  It now times out when trying to get a connection to the second accumulo cluster in testExistingInstance&lt;/p&gt;

&lt;p&gt;Using git bisect, found the breaking commit to be 659a33e8e094f68e46c824374d25da67b4c30421 as a part of &lt;a href=&quot;https://issues.apache.org/jira/browse/ACCUMULO-4596&quot; title=&quot;Limit use of environment variables in Java &quot; class=&quot;issue-link&quot; data-issue-key=&quot;ACCUMULO-4596&quot;&gt;&lt;del&gt;ACCUMULO-4596&lt;/del&gt;&lt;/a&gt;.&lt;/p&gt;</description>
                <environment></environment>
        <key id="13084345">ACCUMULO-4674</key>
            <summary>ExistingMacIT times out</summary>
                <type id="1" iconUrl="https://issues.apache.org/jira/secure/viewavatar?size=xsmall&amp;avatarId=21133&amp;avatarType=issuetype">Bug</type>
                                            <priority id="4" iconUrl="https://issues.apache.org/jira/images/icons/priorities/minor.svg">Minor</priority>
                        <status id="5" iconUrl="https://issues.apache.org/jira/images/icons/statuses/resolved.png" description="A resolution has been taken, and it is awaiting verification by reporter. From here issues are either reopened, or are closed.">Resolved</status>
                    <statusCategory id="3" key="done" colorName="green"/>
                                    <resolution id="1">Fixed</resolution>
                                        <assignee username="milleruntime">Michael Miller</assignee>
                                    <reporter username="milleruntime">Michael Miller</reporter>
                        <labels>
                    </labels>
                <created>Mon, 3 Jul 2017 20:55:38 +0000</created>
                <updated>Thu, 6 Jul 2017 16:42:49 +0000</updated>
                            <resolved>Wed, 5 Jul 2017 20:55:03 +0000</resolved>
                                    <version>2.0.0</version>
                                    <fixVersion>2.0.0</fixVersion>
                                        <due></due>
                            <votes>0</votes>
                                    <watches>2</watches>
                                            <timeestimate seconds="0">0h</timeestimate>
                            <timespent seconds="1200">20m</timespent>
                                <comments>
                            <comment id="16075399" author="milleruntime" created="Wed, 5 Jul 2017 20:47:02 +0000"  >&lt;p&gt;With the help of &lt;a href=&quot;https://issues.apache.org/jira/secure/ViewProfile.jspa?name=mikewalch&quot; class=&quot;user-hover&quot; rel=&quot;mikewalch&quot;&gt;Mike Walch&lt;/a&gt;, I figured out why this test was timing out.  NativeMap was changed in &lt;a href=&quot;https://issues.apache.org/jira/browse/ACCUMULO-4596&quot; title=&quot;Limit use of environment variables in Java &quot; class=&quot;issue-link&quot; data-issue-key=&quot;ACCUMULO-4596&quot;&gt;&lt;del&gt;ACCUMULO-4596&lt;/del&gt;&lt;/a&gt; to fail if it couldn&apos;t find native lib when it was enabled with Property.TSERV_NATIVEMAP_ENABLED = true (the default value).  There is a second cluster started in this IT that doesn&apos;t have the Native lib path set, causing the tserver to die. The easy fix was to disable native map for this test.  This also required to remove a line from ConfigurableMacBase that always set Property.TSERV_NATIVEMAP_ENABLED = true (which is also unnecessary since its enabled by default), preventing any MAC test from disabling it.  &lt;/p&gt;</comment>
                    </comments>
                <issuelinks>
                            <issuelinktype id="12310050">
                    <name>Regression</name>
                                                                <inwardlinks description="is broken by">
                                        <issuelink>
            <issuekey id="13048089">ACCUMULO-4596</issuekey>
        </issuelink>
                            </inwardlinks>
                                    </issuelinktype>
                    </issuelinks>
                <attachments>
                    </attachments>
                <subtasks>
                    </subtasks>
                <customfields>
                                                                            <customfield id="customfield_12310310" key="com.atlassian.jira.toolkit:attachments">
                        <customfieldname>Attachment count</customfieldname>
                        <customfieldvalues>
                            <customfieldvalue>0.0</customfieldvalue>
                        </customfieldvalues>
                    </customfield>
                                                                                                                                                                                                                                                                                                                                                                                                                                                                                                                                                                                                                                                                                                                                    <customfield id="customfield_12314020" key="com.atlassian.jira.plugins.jira-development-integration-plugin:devsummary">
                        <customfieldname>Development</customfieldname>
                        <customfieldvalues>
                            
                        </customfieldvalues>
                    </customfield>
                                                                                                                        <customfield id="customfield_12313422" key="com.atlassian.jirafisheyeplugin:jobcheckbox">
                        <customfieldname>Enable Automatic Patch Review</customfieldname>
                        <customfieldvalues>
                            <customfieldvalue><![CDATA[false]]></customfieldvalue>

                        </customfieldvalues>
                    </customfield>
                                                                                                                                                                                                                                                                                                                                                                                                                                                                                                                                                                                                                                                <customfield id="customfield_12310420" key="com.pyxis.greenhopper.jira:gh-global-rank">
                        <customfieldname>Global Rank</customfieldname>
                        <customfieldvalues>
                            <customfieldvalue>9223372036854775807</customfieldvalue>
                        </customfieldvalues>
                    </customfield>
                                                                                                                                                                                                            <customfield id="customfield_12312521" key="com.atlassian.jira.toolkit:LastCommentDate">
                        <customfieldname>Last public comment date</customfieldname>
                        <customfieldvalues>
                            2 years, 32 weeks, 4 days ago
                        </customfieldvalues>
                    </customfield>
                                                                                                                                                                                                            <customfield id="customfield_12311820" key="com.pyxis.greenhopper.jira:gh-lexo-rank">
                        <customfieldname>Rank</customfieldname>
                        <customfieldvalues>
                            <customfieldvalue>0|i3h1of:</customfieldvalue>

                        </customfieldvalues>
                    </customfield>
                                                                <customfield id="customfield_12310920" key="com.pyxis.greenhopper.jira:gh-global-rank">
                        <customfieldname>Rank (Obsolete)</customfieldname>
                        <customfieldvalues>
                            <customfieldvalue>9223372036854775807</customfieldvalue>
                        </customfieldvalues>
                    </customfield>
                                                                                                                                                                                                                                                                                                                                                                                                                                                                                                                                                                                                                                                                            <customfield id="customfield_12310222" key="com.atlassian.jira.ext.charting:timeinstatus">
                        <customfieldname>Time in Status</customfieldname>
                        <customfieldvalues>
                            
                        </customfieldvalues>
                    </customfield>
                                                                                            </customfields>
    </item>
</channel>
</rss>